45-6,50000,暑寒別岳,しょかんべつだけ,45-6-8,世,平,20,修正,H21/06/01,2009/06/01
55-6,50000,階上岳,はしかみだけ,55-6-19,世,平,20,要修,H21/06/01,2009/06/01
69-1,50000,深浦,ふかうら,69-1-13,世,平,20,修正,H21/06/01,2009/06/01
69-2,50000,岩館,いわだて,69-2-12,世,平,20,修正,H21/06/01,2009/06/01
100-4,50000,奈良,なら,100-4-19,世,平,21,修正,H21/06/01,2009/06/01
101-1,50000,桜井,さくらい,101-1-20,世,平,21,修正,H21/06/01,2009/06/01
101-2,50000,吉野山,よしのやま,101-2-19,世,平,21,修正,H21/06/01,2009/06/01
101-5,50000,大阪東南部,おおさかとうなんぶ,101-5-23,世,平,21,修正,H21/06/01,2009/06/01
35-1,50000,ウコタキヌプリ,うこたきぬぷり,35-1-10,世,平,20,修正,H21/05/01,2009/05/01
49-6,50000,茅沼,かやぬま,49-6-11,世,平,20,修正,H21/05/01,2009/05/01
97-5,50000,松阪,まつさか,97-5-22,世,平,21,修正,H21/05/01,2009/05/01
109-8,50000,高梁,たかはし,109-8-19,世,平,20,要修,H21/05/01,2009/05/01
110-7,50000,仁尾,にお,110-7-16,世,平,20,修正,H21/05/01,2009/05/01
161-6,50000,金武,きん,161-6-6,世,平,20,修正,H21/05/01,2009/05/01
60-13,50000,川原平,かわらたい,60-13-13,世,平,20,要修,H21/05/01,2009/05/01
60-14,50000,中浜,なかはま,60-14-13,世,平,20,修正,H21/05/01,2009/05/01
76-15,50000,上野原,うえのはら,76-15-21,世,平,20,修正,H21/05/01,2009/05/01
90-11,50000,付知,つけち,90-11-21,世,平,20,修正,H21/05/01,2009/05/01
96-11,50000,亀山,かめやま,96-11-17,世,平,21,要修,H21/05/01,2009/05/01
107-11,50000,西郷,さいごう,107-11-16,世,平,20,修正,H21/05/01,2009/05/01
121-10,50000,久住,くじゅう,121-10-15,世,平,20,修正,H21/05/01,2009/05/01
121-14,50000,宮原,みやのはる,121-14-15,世,平,20,修正,H21/05/01,2009/05/01
161-11,50000,沖縄市南部,おきなわしなんぶ,161-11-9,世,平,20,修正,H21/05/01,2009/05/01
60-8,50000,大葛,おおくぞ,60-8-11,世,平,20,修正,H21/04/01,2009/04/01
61-2,50000,雫石,しずくいし,61-2-15,世,平,20,修正,H21/04/01,2009/04/01
61-6,50000,田沢湖,たざわこ,61-6-15,世,平,20,修正,H21/04/01,2009/04/01
61-9,50000,阿仁合,あにあい,61-9-13,世,平,20,修正,H21/04/01,2009/04/01
70-1,50000,船川,ふなかわ,70-1-16,世,平,20,修正,H21/04/01,2009/04/01
74-9,50000,小林,こばやし,74-9-15,世,平,20,修正,H21/04/01,2009/04/01
89-5,50000,立山,たてやま,89-5-21,世,平,20,要修,H21/04/01,2009/04/01
91-3,50000,天竜,てんりゅう,91-3-20,世,平,20,修正,H21/04/01,2009/04/01
91-4,50000,磐田,いわた,91-4-20,世,平,20,修正,H21/04/01,2009/04/01
91-7,50000,三河大野,みかわおおの,91-7-20,世,平,20,要修,H21/04/01,2009/04/01
91-8,50000,浜松,はままつ,91-8-23,世,平,20,修正,H21/04/01,2009/04/01
96-7,50000,四日市,よっかいち,96-7-22,世,平,21,修正,H21/04/01,2009/04/01
97-9,50000,二本木,にほんぎ,97-9-19,世,平,21,修正,H21/04/01,2009/04/01
101-6,50000,五條,ごじょう,101-6-24,世,平,21,修正,H21/04/01,2009/04/01
109-2,50000,津山西部,つやませいぶ,109-2-19,世,平,20,要修,H21/04/01,2009/04/01
61-10,50000,太平山,たいへいざん,61-10-13,世,平,20,修正,H21/04/01,2009/04/01
61-11,50000,刈和野,かりわの,61-11-13,世,平,20,修正,H21/04/01,2009/04/01
61-13,50000,五城目,ごじょうめ,61-13-19,世,平,20,修正,H21/04/01,2009/04/01
96-15,50000,水口,みなくち,96-15-16,世,平,21,要修,H21/04/01,2009/04/01
104-14,50000,津山東部,つやまとうぶ,104-14-18,世,平,20,要修,H21/04/01,2009/04/01
45-2,50000,妹背牛,もせうし,45-2-15,世,平,20,要修,H21/03/01,2009/03/01
49-7,50000,岩内,いわない,49-7-12,世,平,20,修正,H21/03/01,2009/03/01
51-9,50000,館,たて,51-9-10,世,平,19,修正,H21/03/01,2009/03/01
121-6,50000,犬飼,いぬかい,121-6-15,世,平,20,要修,H21/03/01,2009/03/01
161-5,50000,国頭平良,くにがみたいら,161-5-8,世,平,19,修正,H21/03/01,2009/03/01
30-16,50000,網走,あばしり,30-16-15,世,平,19,修正,H21/03/01,2009/03/01
51-16,50000,松前,まつまえ,51-16-13,世,平,20,修正,H21/03/01,2009/03/01
54-10,50000,陸奥横浜,むつよこはま,54-10-13,世,平,19,修正,H21/03/01,2009/03/01
61-12,50000,大曲,おおまがり,61-12-15,世,平,19,修正,H21/03/01,2009/03/01
96-12,50000,津西部,つせいぶ,96-12-23,世,平,19,要修,H21/03/01,2009/03/01
52-1,50000,狩場山,かりばやま,52-1-10,世,平,20,修正,H21/02/01,2009/02/01
65-3,50000,小名浜,おなはま,65-3-20,世,平,19,修正,H21/02/01,2009/02/01
72-3,50000,朝日岳,あさひだけ,72-3-11,世,平,20,要修,H21/02/01,2009/02/01
77-2,50000,那古,なご,77-2-20,世,平,19,修正,H21/02/01,2009/02/01
100-8,50000,大阪東北部,おおさかとうほくぶ,100-8-25,世,平,20,修正,H21/02/01,2009/02/01
125-2,50000,行橋,ゆくはし,125-2-22,世,平,20,要修,H21/02/01,2009/02/01
36-16,50000,えりも,えりも,36-16-8,世,平,20,修正,H21/02/01,2009/02/01
61-14,50000,秋田,あきた,61-14-19,世,平,19,修正,H21/02/01,2009/02/01
82-16,50000,戸隠,とがくし,82-16-17,世,平,19,要修,H21/02/01,2009/02/01
110-12,50000,股島,またじま,110-12-9,世,平,19,修正,H21/02/01,2009/02/01
156-10,50000,名瀬,なぜ,156-10-7,世,平,19,修正,H21/02/01,2009/02/01
156-11,50000,湯湾,ゆわん,156-11-7,世,平,19,修正,H21/02/01,2009/02/01
31-9,50000,小清水,こしみず,31-9-11,世,平,20,修正,H21/01/01,2009/01/01
46-9,50000,石狩,いしかり,46-9-14,世,平,20,修正,H21/01/01,2009/01/01
65-2,50000,平,たいら,65-2-21,世,平,19,修正,H21/01/01,2009/01/01
84-6,50000,御岳昇仙峡,みたけしょうせんきょう,84-6-20,世,平,19,修正,H21/01/01,2009/01/01
84-7,50000,甲府,こうふ,84-7-25,世,平,19,修正,H21/01/01,2009/01/01
110-8,50000,観音寺,かんおんじ,110-8-19,世,平,19,修正,H21/01/01,2009/01/01
154-7,50000,諏訪之瀬島,すわのせじま,154-7-7,世,平,20,修正,H21/01/01,2009/01/01
28-11,50000,野付崎,のつけさき,28-11-8,世,平,20,修正,H21/01/01,2009/01/01
46-14,50000,銭函,ぜにばこ,46-14-16,世,平,20,修正,H21/01/01,2009/01/01
76-11,50000,八王子,はちおうじ,76-11-24,世,平,19,修正,H21/01/01,2009/01/01
84-11,50000,鰍沢,かじかざわ,84-11-18,世,平,19,要修,H21/01/01,2009/01/01
86-13,50000,御前崎,おまえざき,86-13-18,世,平,19,修正,H21/01/01,2009/01/01
153-11,50000,屋久島西南部,やくしませいなんぶ,153-11-9,世,平,20,修正,H21/01/01,2009/01/01
47-1,50000,鵡川,むかわ,47-1-14,世,平,20,修正,H20/12/01,2008/12/01
50-9,50000,長万部,おしゃまんべ,50-9-14,世,平,20,要修,H20/12/01,2008/12/01
125-5,50000,折尾,おりお,125-5-20,世,平,19,要修,H20/12/01,2008/12/01
46-10,50000,札幌,さっぽろ,46-10-20,世,平,20,修正,H20/12/01,2008/12/01
51-10,50000,木古内,きこない,51-10-13,世,平,20,修正,H20/12/01,2008/12/01
51-14,50000,上ノ国,かみのくに,51-14-9,世,平,20,修正,H20/12/01,2008/12/01
51-15,50000,大千軒岳,だいせんげんだけ,51-15-14,世,平,20,修正,H20/12/01,2008/12/01
61-16,50000,本荘,ほんじょう,61-16-13,世,平,20,修正,H20/12/01,2008/12/01
96-10,50000,御在所山,ございしょやま,96-10-17,世,平,19,修正,H20/12/01,2008/12/01
56-9,50000,藪川,やぶかわ,56-9-11,世,平,19,修正,H20/11/01,2008/11/01
61-5,50000,森吉山,もりよしざん,61-5-12,世,平,19,修正,H20/11/01,2008/11/01
84-5,50000,金峰山,きんぷさん,84-5-14,世,平,19,修正,H20/11/01,2008/11/01
85-9,50000,南部,なんぶ,85-9-16,世,平,19,修正,H20/11/01,2008/11/01
56-16,50000,花巻,はなまき,56-16-19,世,平,20,修正,H20/11/01,2008/11/01
57-13,50000,北上,きたかみ,57-13-17,世,平,20,修正,H20/11/01,2008/11/01
61-15,50000,羽後和田,うごわだ,61-15-16,世,平,20,修正,H20/11/01,2008/11/01
95-11,50000,横山,よこやま,95-11-15,世,平,19,修正,H20/11/01,2008/11/01
109-11,50000,新見,にいみ,109-11-15,世,平,19,修正,H20/11/01,2008/11/01
50-8,50000,駒ヶ岳,こまがたけ,50-8-13,世,平,20,修正,H20/10/01,2008/10/01
75-8,50000,鴻巣,こうのす,75-8-22,世,平,19,修正,H20/10/01,2008/10/01
95-1,50000,白鳥,しろとり,95-1-18,世,平,19,修正,H20/10/01,2008/10/01
108-8,50000,大山,だいせん,108-8-19,世,平,19,要修,H20/10/01,2008/10/01
110-4,50000,池田,いけだ,110-4-16,世,平,19,修正,H20/10/01,2008/10/01
157-8,50000,沖永良部島,おきのえらぶじま,157-8-5,世,平,19,修正,H20/10/01,2008/10/01
46-12,50000,樽前山,たるまえさん,46-12-13,世,平,20,要修,H20/10/01,2008/10/01
77-12,50000,大島,おおしま,77-12-12,世,平,20,修正,H20/10/01,2008/10/01
106-13,50000,剣山,つるぎさん,106-13-14,世,平,19,修正,H20/10/01,2008/10/01
65-9,50000,須賀川,すかがわ,65-9-18,世,平,19,修正,H20/09/01,2008/09/01
105-8,50000,徳島,とくしま,105-8-24,世,平,19,修正,H20/09/01,2008/09/01
125-1,50000,小倉,こくら,125-1-18,世,平,19,修正,H20/09/01,2008/09/01
51-11,50000,知内,しりうち,51-11-11,世,平,20,修正,H20/09/01,2008/09/01
51-13,50000,江差,えさし,51-13-10,世,平,20,修正,H20/09/01,2008/09/01
67-16,50000,姉崎,あねさき,67-16-23,世,平,19,修正,H20/09/01,2008/09/01
101-12,50000,動木,とどろき,101-12-16,世,平,19,修正,H20/09/01,2008/09/01
101-16,50000,海南,かいなん,101-16-24,世,平,19,修正,H20/09/01,2008/09/01
103-11,50000,浜坂,はまさか,103-11-15,世,平,19,修正,H20/09/01,2008/09/01
104-13,50000,智頭,ちず,104-13-15,世,平,19,要修,H20/09/01,2008/09/01
90-7,50000,妻籠,つまご,90-7-16,世,平,19,要修,H20/08/01,2008/08/01
100-7,50000,京都西南部,きょうとせいなんぶ,100-7-23,世,平,19,修正,H20/08/01,2008/08/01
85-13,50000,井川,いかわ,85-13-14,世,平,19,修正,H20/08/01,2008/08/01
85-14,50000,千頭,せんず,85-14-14,世,平,20,修正,H20/08/01,2008/08/01
99-4,50000,熊川,くまがわ,99-4-14,世,平,19,修正,H20/07/01,2008/07/01
122-6,50000,日向,ひゅうが,122-6-13,世,平,19,要修,H20/07/01,2008/07/01
83-11,50000,小諸,こもろ,83-11-23,世,平,19,要修,H20/07/01,2008/07/01
51-5,50000,大沼公園,おおぬまこうえん,51-5-14,世,平,20,修正,H20/05/01,2008/05/01
52-3,50000,久遠,くどお,52-3-10,世,平,20,修正,H20/05/01,2008/05/01
82-2,50000,十日町,とおかまち,82-2-16,世,平,19,修正,H20/05/01,2008/05/01
50-14,50000,今金,いまかね,50-14-11,世,平,20,修正,H20/05/01,2008/05/01
59-5_9,50000,龍飛崎,たっぴざき,59-5_9-23,世,平,18,要修,H20/04/01,2008/04/01
68-9,50000,上総大原,かずさおおはら,68-9-16,世,平,18,修正,H20/04/01,2008/04/01
81-3,50000,三条,さんじょう,81-3-18,世,平,19,修正,H20/04/01,2008/04/01
82-9,50000,柿崎,かきざき,82-9-18,世,平,19,修正,H20/04/01,2008/04/01
102-3,50000,那智勝浦,なちかつうら,102-3-17,世,平,18,修正,H20/04/01,2008/04/01
116-2,50000,松山南部,まつやまなんぶ,116-2-20,世,平,18,要修,H20/04/01,2008/04/01
129-1e,50000,内之浦,うちのうら,129-1e-12,世,平,18,修正,H20/04/01,2008/04/01
132-9,50000,志々伎,しじき,132-9-13,世,平,18,修正,H20/04/01,2008/04/01
136-8,50000,三井楽,みいらく,136-8-9,世,平,18,修正,H20/04/01,2008/04/01
48-16,50000,大畑,おおはた,48-16-10,世,平,18,修正,H20/04/01,2008/04/01
54-11,50000,平沼,ひらぬま,54-11-11,世,平,18,修正,H20/04/01,2008/04/01
54-15,50000,野辺地,のへじ,54-15-14,世,平,18,修正,H20/04/01,2008/04/01
116-11,50000,伊予長浜,いよながはま,116-11-14,世,平,18,修正,H20/04/01,2008/04/01
120-14,50000,簑島,みのしま,120-14-16,世,平,18,修正,H20/04/01,2008/04/01
56-3,50000,宮古,みやこ,56-3-9,世,平,18,要修,H20/03/01,2008/03/01
82-3,50000,越後湯沢,えちごゆざわ,82-3-16,世,平,19,要修,H20/03/01,2008/03/01
136-4,50000,福江,ふくえ,136-4-10,世,平,18,修正,H20/03/01,2008/03/01
73-16,50000,守門岳,すもんだけ,73-16-15,世,平,19,要修,H20/03/01,2008/03/01
84-15,50000,大河原,おおかわら,84-15-14,世,平,18,修正,H20/03/01,2008/03/01
84-16,50000,赤石岳,あかいしだけ,84-16-16,世,平,18,修正,H20/03/01,2008/03/01
95-16,50000,竹生島,ちくぶしま,95-16-16,世,平,19,修正,H20/03/01,2008/03/01
96-16,50000,上野,うえの,96-16-17,世,平,18,修正,H20/03/01,2008/03/01
103-16,50000,鳥取南部,とっとりなんぶ,103-16-16,世,平,18,修正,H20/03/01,2008/03/01
128-10,50000,川内,せんだい,128-10-16,世,平,19,修正,H20/03/01,2008/03/01
51-6,50000,函館,はこだて,51-6-14,世,平,19,修正,H20/02/01,2008/02/01
54-9,50000,近川,ちかがわ,54-9-11,世,平,18,修正,H20/02/01,2008/02/01
60-1,50000,八甲田山,はっこうださん,60-1-9,世,平,18,要修,H20/02/01,2008/02/01
76-4,50000,木更津,きさらづ,76-4-18,世,平,19,修正,H20/02/01,2008/02/01
95-6,50000,能郷白山,のうごうはくさん,95-6-13,世,平,18,要修,H20/02/01,2008/02/01
111-7,50000,高知,こうち,111-7-19,世,平,19,修正,H20/02/01,2008/02/01
56-14,50000,盛岡,もりおか,56-14-18,世,平,18,修正,H20/02/01,2008/02/01
67-12,50000,茂原,もばら,67-12-16,世,平,18,修正,H20/02/01,2008/02/01
95-12,50000,長浜,ながはま,95-12-22,世,平,19,修正,H20/02/01,2008/02/01
96-13,50000,彦根西部,ひこねせいぶ,96-13-17AB,世,平,19,修正,H20/02/01,2008/02/01
96-14,50000,近江八幡,おうみはちまん,96-14-21,世,平,19,修正,H20/02/01,2008/02/01
111-11,50000,いの,いの,111-11-15,世,平,19,要修,H20/02/01,2008/02/01
59-7,50000,油川,あぶらかわ,59-7-12,世,平,18,要修,H20/01/01,2008/01/01
80-8_12,50000,両津,りょうつ,80-8_12-13,世,平,18,修正,H20/01/01,2008/01/01
97-2,50000,鳥羽,とば,97-2-18,世,平,19,要修,H20/01/01,2008/01/01
97-6,50000,伊勢,いせ,97-6-21,世,平,19,要修,H20/01/01,2008/01/01
100-3,50000,京都東南部,きょうととうなんぶ,100-3-22,世,平,19,要修,H20/01/01,2008/01/01
108-4,50000,倉吉,くらよし,108-4-20,世,平,19,修正,H20/01/01,2008/01/01
84-10,50000,韮崎,にらさき,84-10-16,世,平,18,修正,H20/01/01,2008/01/01
85-10,50000,清水,しみず,85-10-19,世,平,18,修正,H20/01/01,2008/01/01
101-15,50000,和歌山,わかやま,101-15-24,世,平,19,修正,H20/01/01,2008/01/01
111-13,50000,西条,さいじょう,111-13-15,世,平,18,修正,H20/01/01,2008/01/01
115-10,50000,広島,ひろしま,115-10-18,世,平,19,修正,H20/01/01,2008/01/01
71-2,50000,吹浦,ふくら,71-2-14,世,平,18,修正,H19/12/01,2007/12/01
76-3,50000,東京東南部,とうきょうとうなんぶ,76-3-26,世,平,18,修正,H19/12/01,2007/12/01
115-4,50000,今治西部,いまばりせいぶ,115-4-15,世,平,18,修正,H19/12/01,2007/12/01
50-12,50000,濁川,にごりかわ,50-12-9,世,平,18,修正,H19/12/01,2007/12/01
68-13,50000,大多喜,おおたき,68-13-18,世,平,18,修正,H19/12/01,2007/12/01
82-12,50000,中野,なかの,82-12-19,世,平,18,修正,H19/12/01,2007/12/01
83-12,50000,蓼科山,たてしなやま,83-12-16,世,平,18,修正,H19/12/01,2007/12/01
85-11,50000,静岡,しずおか,85-11-23,世,平,18,要修,H19/12/01,2007/12/01
161-15,50000,那覇,なは,161-15-10,世,平,18,修正,H19/12/01,2007/12/01
81-8_12,50000,柏崎,かしわざき,81-8_12-20,世,平,19,修正,H19/11/01,2007/11/01
137-1,50000,富江,とみえ,137-1-10,世,平,18,修正,H19/11/01,2007/11/01
137-5,50000,玉之浦,たまのうら,137-5-10,世,平,18,修正,H19/11/01,2007/11/01
46-11,50000,石山,いしやま,46-11-16,世,平,18,要修,H19/11/01,2007/11/01
56-11,50000,早池峰山,はやちねさん,56-11-11,世,平,18,修正,H19/11/01,2007/11/01
59-10,50000,小泊,こどまり,59-10-12,世,平,18,要修,H19/11/01,2007/11/01
82-10,50000,高田東部,たかだとうぶ,82-10-16,世,平,19,修正,H19/11/01,2007/11/01
97-10,50000,丹生,にゅう,97-10-16,世,平,19,要修,H19/11/01,2007/11/01
102-13,50000,御坊,ごぼう,102-13-20,世,平,18,修正,H19/11/01,2007/11/01
35-5,50000,足寄,あしょろ,35-5-10,世,平,18,修正,H19/10/01,2007/10/01
51-2,50000,五稜郭,ごりょうかく,51-2-11,世,平,18,修正,H19/10/01,2007/10/01
71-3,50000,酒田,さかた,71-3-16,世,平,18,修正,H19/10/01,2007/10/01
82-6,50000,松之山温泉,まつのやまおんせん,82-6-16,世,平,19,修正,H19/10/01,2007/10/01
54-13,50000,むつ,むつ,54-13-11,世,平,18,修正,H19/10/01,2007/10/01
55-14,50000,田子,たっこ,55-14-9,世,平,18,修正,H19/10/01,2007/10/01
80-12_16,50000,相川,あいかわ,80-12_16-15,世,平,18,修正,H19/10/01,2007/10/01
103-12,50000,若桜,わかさ,103-12-15,世,平,18,修正,H19/10/01,2007/10/01
105-7,50000,鳴門海峡,なるとかいきょう,105-7-14,世,平,18,修正,H19/09/01,2007/09/01
117-5,50000,宇和島,うわじま,117-5-13,世,平,18,部修,H19/09/01,2007/09/01
119-8,50000,防府,ほうふ,119-8-20,世,平,18,修正,H19/09/01,2007/09/01
100-16,50000,神戸,こうべ,100-16-24,世,平,18,要修,H19/09/01,2007/09/01
110-15,50000,土生,はぶ,110-15-17,世,平,18,修正,H19/09/01,2007/09/01
110-16,50000,今治東部,いまばりとうぶ,110-16-16,世,平,18,修正,H19/09/01,2007/09/01
161-10,50000,沖縄市北部,おきなわしほくぶ,161-10-11,世,平,19,修正,H19/09/01,2007/09/01
52-2,50000,瀬棚,せたな,52-2-11,世,平,18,修正,H19/08/01,2007/08/01
82-5,50000,岡野町,おかのまち,82-5-11,世,平,19,修正,H19/08/01,2007/08/01
82-7,50000,苗場山,なえばさん,82-7-12,世,平,19,要修,H19/08/01,2007/08/01
111-9,50000,新居浜,にいはま,111-9-19,世,平,18,修正,H19/08/01,2007/08/01
141-2,50000,八丈島,はちじょうじま,141-2-12,世,平,18,修正,H19/08/01,2007/08/01
158-4,50000,辺土名,へんとな,158-4-7,世,平,18,修正,H19/08/01,2007/08/01
50-15,50000,遊楽部岳,ゆうらっぷだけ,50-15-8,世,平,18,修正,H19/08/01,2007/08/01
74-13,50000,須原,すはら,74-13-14,世,平,19,要修,H19/08/01,2007/08/01
74-14,50000,八海山,はっかいさん,74-14-12,世,平,19,要修,H19/08/01,2007/08/01
121-12,50000,三田井,みたい,121-12-13,世,平,19,要修,H19/08/01,2007/08/01
129-1,50000,大根占,おおねじめ,129-1-11,世,平,18,要修,H19/07/01,2007/07/01
156-6,50000,名瀬東部,なぜとうぶ,156-6-7,世,平,19,修正,H19/07/01,2007/07/01
93-1,50000,穴水,あなみず,93-1-16,世,平,19,修正,H19/06/01,2007/06/01
94-5,50000,金沢,かなざわ,94-5-22,世,平,18,修正,H19/05/01,2007/05/01
55-13,50000,十和田,とわだ,55-13-15,世,平,18,要修,H19/02/01,2007/02/01
96-3,50000,半田,はんだ,96-3-19,世,平,17,修正,H19/01/01,2007/01/01
106-5,50000,阿波富岡,あわとみおか,106-5-19,世,平,17,要修,H19/01/01,2007/01/01
161-9,50000,名護,なご,161-9-8,世,平,18,修正,H19/01/01,2007/01/01
88-16,50000,富山,とやま,88-16-19,世,平,18,修正,H19/01/01,2007/01/01
105-12,50000,川島,かわしま,105-12-18,世,平,18,修正,H19/01/01,2007/01/01
105-14,50000,高松,たかまつ,105-14-18,世,平,17,修正,H19/01/01,2007/01/01
87-8,50000,宝立山,ほうりゅうざん,87-8-11,世,平,17,修正,H18/12/01,2006/12/01
99-8,50000,小浜,おばま,99-8-19,世,平,17,要修,H18/12/01,2006/12/01
100-9,50000,綾部,あやべ,100-9-17,世,平,18,要修,H18/12/01,2006/12/01
105-1,50000,明石,あかし,105-1-20,世,平,17,修正,H18/12/01,2006/12/01
116-1,50000,松山北部,まつやまほくぶ,116-1-14,世,平,17,修正,H18/12/01,2006/12/01
116-7,50000,大洲,おおず,116-7-14,世,平,17,要修,H18/12/01,2006/12/01
163-2,50000,宮古島,みやこじま,163-2-7,世,平,17,修正,H18/12/01,2006/12/01
88-13,50000,宇出津,うしつ,88-13-15,世,平,17,修正,H18/12/01,2006/12/01
95-14,50000,今庄,いまじょう,95-14-14,世,平,17,要修,H18/12/01,2006/12/01
103-15,50000,鳥取北部,とっとりほくぶ,103-15-17,世,平,17,修正,H18/12/01,2006/12/01
125-11,50000,福岡,ふくおか,125-11-20,世,平,17,要修,H18/12/01,2006/12/01
93-2,50000,七尾,ななお,93-2-19,世,平,17,修正,H18/11/01,2006/11/01
119-7,50000,長門峡,ちょうもんきょう,119-7-13,世,平,17,修正,H18/11/01,2006/11/01
128-9,50000,宮之城,みやのじょう,128-9-14,世,平,17,修正,H18/11/01,2006/11/01
101-13,50000,須磨,すま,101-13-24,世,平,18,修正,H18/11/01,2006/11/01
116-6,50000,郡中,ぐんちゅう,116-6-17,世,平,17,修正,H18/10/01,2006/10/01
116-8,50000,卯之町,うのまち,116-8-14,世,平,17,修正,H18/10/01,2006/10/01
120-9,50000,宇部東部,うべとうぶ,120-9-18,世,平,17,修正,H18/10/01,2006/10/01
127-6,50000,日奈久,ひなぐ,127-6-17,世,平,17,要修,H18/10/01,2006/10/01
87-12,50000,輪島,わじま,87-12-28,世,平,17,修正,H18/10/01,2006/10/01
97-11,50000,長島,ながしま,97-11-13,世,平,17,要修,H18/10/01,2006/10/01
123-10,50000,日向青島,ひゅうがあおしま,123-10-15,世,平,17,要修,H18/10/01,2006/10/01
128-11,50000,伊集院,いじゅういん,128-11-18,世,平,17,要修,H18/10/01,2006/10/01
104-7,50000,龍野,たつの,104-7-23,世,平,17,要修,H18/09/01,2006/09/01
158-8,50000,仲宗根,なかそね,158-8-4,世,平,17,修正,H18/09/01,2006/09/01
105-15,50000,高松南部,たかまつなんぶ,105-15-19,世,平,17,修正,H18/09/01,2006/09/01
114-15,50000,浜田,はまだ,114-15-16,世,平,17,修正,H18/09/01,2006/09/01
119-12,50000,小郡,おごおり,119-12-20,世,平,17,修正,H18/09/01,2006/09/01
80-7_11,50000,鷲崎,わしさき,80-7_11-12,世,平,17,修正,H18/08/01,2006/08/01
96-8,50000,津東部,つとうぶ,96-8-20,世,平,17,修正,H18/08/01,2006/08/01
99-3,50000,西津,にしづ,99-3-18,世,平,17,修正,H18/08/01,2006/08/01
105-2,50000,洲本,すもと,105-2-16,世,平,17,修正,H18/08/01,2006/08/01
105-3,50000,由良,ゆら,105-3-15,世,平,17,修正,H18/08/01,2006/08/01
128-7,50000,鹿児島,かごしま,128-7-14,世,平,17,修正,H18/08/01,2006/08/01
95-15,50000,敦賀,つるが,95-15-15,世,平,17,要修,H18/08/01,2006/08/01
127-11,50000,水俣,みなまた,127-11-15,世,平,17,修正,H18/08/01,2006/08/01
127-12,50000,出水,いずみ,127-12-16,世,平,17,修正,H18/08/01,2006/08/01
128-12,50000,加世田,かせだ,128-12-16,世,平,17,修正,H18/08/01,2006/08/01
116-5,50000,三津浜,みつはま,116-5-16,世,平,17,修正,H18/07/01,2006/07/01
78-8,50000,三宅島,みやけじま,78-8-12,世,平,17,修正,H18/04/01,2006/04/01
76-1,50000,野田,のだ,76-1-21,世,平,17,要修,H17/08/24,2005/08/24
76-2,50000,東京東北部,とうきょうとうほくぶ,76-2-26,世,平,17,要修,H17/08/24,2005/08/24
66-16,50000,土浦,つちうら,66-16-22,世,平,17,要修,H17/08/24,2005/08/24
67-13,50000,龍ヶ崎,りゅうがさき,67-13-16,世,平,17,要修,H17/08/24,2005/08/24
52-4,50000,熊石,くまいし,52-4-8,世,平,15,修正,H17/02/01,2005/02/01
35-16,50000,大正,たいしょう,35-16-13,世,平,15,修正,H17/02/01,2005/02/01
55-10,50000,三戸,さんのへ,55-10-12,世,平,15,要修,H17/02/01,2005/02/01
55-12,50000,葛巻,くずまき,55-12-11,世,平,15,要修,H17/02/01,2005/02/01
73-13,50000,新潟,にいがた,73-13-20,世,平,15,修正,H17/02/01,2005/02/01
73-15,50000,加茂,かも,73-15-13,世,平,15,要修,H17/02/01,2005/02/01
156-7,50000,小湊,こみなと,156-7-5,世,平,15,要修,H17/01/01,2005/01/01
28-15,50000,標津,しべつ,28-15-9,世,平,15,要修,H17/01/01,2005/01/01
72-13,50000,粟島,あわしま,72-13-10,世,平,15,修正,H17/01/01,2005/01/01
106-10,50000,桜谷,さくらだに,106-10-15,世,平,15,要修,H17/01/01,2005/01/01
108-12,50000,米子,よなご,108-12-22,世,平,15,修正,H17/01/01,2005/01/01
130-10N,50000,三根,みね,130-10N-3,世,平,15,要修,H17/01/01,2005/01/01
58-6,50000,寄磯,よりいそ,58-6-8,世,平,15,修正,H16/12/01,2004/12/01
130-9N,50000,佐須奈,さすな,130-9N-3,世,平,15,要修,H16/12/01,2004/12/01
72-10,50000,笹川,ささがわ,72-10-13,世,平,15,要修,H16/12/01,2004/12/01
123-11,50000,飫肥,おび,123-11-13,世,平,15,要修,H16/12/01,2004/12/01
156-15,50000,西古見,にしこみ,156-15-6,世,平,15,要修,H16/12/01,2004/12/01
156-16,50000,請島,うけしま,156-16-7,世,平,15,要修,H16/12/01,2004/12/01
61-3,50000,鶯宿,おうしゅく,61-3-9,世,平,15,要修,H16/11/01,2004/11/01
129-4_4e,50000,種子島北部,たねがしまほくぶ,129-4_4e-12,世,平,15,要修,H16/11/01,2004/11/01
156-5,50000,笠利崎,かさりざき,156-5-5,世,平,15,要修,H16/11/01,2004/11/01
39-12,50000,富良野,ふらの,39-12-10,世,平,15,要修,H16/11/01,2004/11/01
130-11N,50000,仁位,にい,130-11N-3,世,平,15,要修,H16/11/01,2004/11/01
39-9,50000,比布,ぴっぷ,39-9-11,世,平,15,要修,H16/10/01,2004/10/01
72-6,50000,勝木,がつぎ,72-6-12,世,平,15,要修,H16/10/01,2004/10/01
121-8,50000,熊田,くまた,121-8-14,世,平,15,要修,H16/10/01,2004/10/01
127-13,50000,口之津,くちのつ,127-13-15,世,平,15,要修,H16/10/01,2004/10/01
130-12N,50000,厳原,いずはら,130-12N-3,世,平,15,要修,H16/10/01,2004/10/01
91-9,50000,明智,あけち,91-9-12,世,平,15,要修,H16/09/01,2004/09/01
63-15,50000,荒砥,あらと,63-15-12,世,平,15,要修,H16/09/01,2004/09/01
64-10,50000,福島,ふくしま,64-10-18,世,平,15,修正,H16/09/01,2004/09/01
121-15,50000,阿蘇山,あそさん,121-15-18,世,平,15,要修,H16/09/01,2004/09/01
76-5,50000,大宮,おおみや,76-5-16,世,平,15,修正,H16/08/01,2004/08/01
91-10,50000,足助,あすけ,91-10-13,世,平,15,要修,H16/08/01,2004/08/01
108-16,50000,松江,まつえ,108-16-22,世,平,15,修正,H16/08/01,2004/08/01
76-6,50000,東京西北部,とうきょうせいほくぶ,76-6-23,世,平,15,修正,H16/07/01,2004/07/01
55-11,50000,一戸,いちのへ,55-11-10,世,平,15,要修,H16/07/01,2004/07/01
156-12,50000,古仁屋,こにや,156-12-8,世,平,15,要修,H16/07/01,2004/07/01
35-8,50000,浦幌,うらほろ,35-8-10,世,平,15,要修,H16/06/01,2004/06/01
55-9,50000,八戸,はちのへ,55-9-16,世,平,15,要修,H16/06/01,2004/06/01
61-7,50000,角館,かくのだて,61-7-12,世,平,15,要修,H16/06/01,2004/06/01
55-16,50000,荒屋,あらや,55-16-11,世,平,15,要修,H16/06/01,2004/06/01
90-3,50000,飯田,いいだ,90-3-18AB,世,平,15,要修,H16/05/01,2004/05/01
38-12,50000,剣淵,けんぶち,38-12-10,世,平,15,修正,H16/05/01,2004/05/01
94-16,50000,福井,ふくい,94-16-24,世,平,15,要修,H16/05/01,2004/05/01
48-14,50000,恵山,えさん,48-14-11,世,平,15,修正,H16/04/01,2004/04/01
56-13,50000,沼宮内,ぬまくない,56-13-17,世,平,15,修正,H16/04/01,2004/04/01
56-4,50000,大槌,おおつち,56-4-6,世,平,14,要修,H16/03/01,2004/03/01
49-10,50000,神恵内,かもえない,49-10-10,世,平,14,要修,H16/03/01,2004/03/01
125-16,50000,浜崎,はまさき,125-16-15,世,平,15,要修,H16/03/01,2004/03/01
50-10,50000,国縫,くんぬい,50-10-11,世,平,14,修正,H16/02/01,2004/02/01
50-11,50000,八雲,やくも,50-11-10,世,平,14,修正,H16/02/01,2004/02/01
55-3,50000,久慈,くじ,55-3-12AB,世,平,14,修正,H16/01/01,2004/01/01
71-1,50000,象潟,きさかた,71-1-13,世,平,14,修正,H16/01/01,2004/01/01
28-16,50000,別海,べつかい,28-16-9,世,平,14,修正,H16/01/01,2004/01/01
109-14,50000,多里,たり,109-14-12,世,平,14,要修,H16/01/01,2004/01/01
120-13,50000,宇部,うべ,120-13-19,世,平,14,要修,H16/01/01,2004/01/01
73-1,50000,玉庭,たまにわ,73-1-10,世,平,14,修正,H15/12/01,2003/12/01
102-8,50000,田並,たなみ,102-8-14,世,平,14,修正,H15/12/01,2003/12/01
117-1,50000,田野々,たのの,117-1-11,世,平,14,要修,H15/12/01,2003/12/01
131-5,50000,勝本,かつもと,131-5-12,世,平,14,修正,H15/12/01,2003/12/01
153-1,50000,種子島中部,たねがしまちゅうぶ,153-1-12,世,平,14,要修,H15/12/01,2003/12/01
83-16,50000,諏訪,すわ,83-16-19,世,平,14,修正,H15/12/01,2003/12/01
109-12,50000,油木,ゆき,109-12-13,世,平,14,要修,H15/12/01,2003/12/01
112-13,50000,窪川,くぼかわ,112-13-13,世,平,14,要修,H15/12/01,2003/12/01
115-11,50000,厳島,いつくしま,115-11-13,世,平,14,修正,H15/12/01,2003/12/01
127-16,50000,阿久根,あくね,127-16-20,世,平,14,要修,H15/12/01,2003/12/01
39-7,50000,志比内,しびない,39-7-10,世,平,14,要修,H15/11/01,2003/11/01
43-9,50000,利尻島,りしりとう,43-9-19,世,平,14,修正,H15/11/01,2003/11/01
56-4e,50000,霞露ヶ岳,かろがだけ,56-4e-7,世,平,14,修正,H15/11/01,2003/11/01
56-5,50000,門,かど,56-5-11,世,平,14,修正,H15/11/01,2003/11/01
61-4,50000,新町,しんまち,61-4-11,世,平,14,修正,H15/11/01,2003/11/01
63-1,50000,古川,ふるかわ,63-1-17,世,平,15,要修,H15/11/01,2003/11/01
101-3,50000,山上ヶ岳,さんじょうがたけ,101-3-14,世,平,14,修正,H15/11/01,2003/11/01
109-9,50000,根雨,ねう,109-9-15,世,平,14,要修,H15/11/01,2003/11/01
114-1,50000,木次,きすき,114-1-14,世,平,14,修正,H15/11/01,2003/11/01
114-7,50000,赤名,あかな,114-7-15,世,平,14,修正,H15/11/01,2003/11/01
124-4,50000,安岡,やすおか,124-4-15,世,平,14,要修,H15/11/01,2003/11/01
129-6,50000,佐多岬,さたみさき,129-6-12,世,平,14,要修,H15/11/01,2003/11/01
134-2,50000,中甑,なかこしき,134-2-18,世,平,14,修正,H15/11/01,2003/11/01
135-3,50000,薩摩黒島,さつまくろしま,135-3-3,世,平,14,修正,H15/11/01,2003/11/01
161-3,50000,南北大東島,なんぼくだいとうじま,161-3-7,世,平,14,修正,H15/11/01,2003/11/01
62-13,50000,矢島,やしま,62-13-13,世,平,14,修正,H15/11/01,2003/11/01
116-12,50000,八幡浜,やわたはま,116-12-14,世,平,14,修正,H15/11/01,2003/11/01
117-10,50000,魚神山,ながみやま,117-10-10,世,平,14,修正,H15/11/01,2003/11/01
118-16,50000,見島,みしま,118-16-11,世,平,14,修正,H15/11/01,2003/11/01
129-12,50000,薩摩硫黄島,さつまいおうじま,129-12-3,世,平,14,修正,H15/11/01,2003/11/01
29-9,50000,厚床,あっとこ,29-9-11,世,平,14,修正,H15/10/01,2003/10/01
37-4,50000,音標,おとしべ,37-4-8,世,平,14,修正,H15/10/01,2003/10/01
37-7,50000,枝幸,えさし,37-7-8,世,平,14,修正,H15/10/01,2003/10/01
49-1,50000,小樽西部,おたるせいぶ,49-1-15,世,平,14,修正,H15/10/01,2003/10/01
72-7,50000,塩野町,しおのまち,72-7-10,世,平,14,要修,H15/10/01,2003/10/01
73-9,50000,新発田,しばた,73-9-16,世,平,15,要修,H15/10/01,2003/10/01
89-1,50000,大町,おおまち,89-1-16AB,世,平,14,修正,H15/10/01,2003/10/01
117-8,50000,柏島,かしわじま,117-8-9,世,平,14,修正,H15/10/01,2003/10/01
124-3,50000,小串,こぐし,124-3-15,世,平,14,修正,H15/10/01,2003/10/01
127-8,50000,大口,おおくち,127-8-15B,世,平,14,修正,H15/10/01,2003/10/01
129-2,50000,辺塚,へつか,129-2-11,世,平,14,修正,H15/10/01,2003/10/01
57-10,50000,陸中大原,りくちゅうおおはら,57-10-11,世,平,14,要修,H15/10/01,2003/10/01
60-12,50000,米内沢,よないざわ,60-12-12,世,平,14,修正,H15/10/01,2003/10/01
62-10,50000,湯沢,ゆざわ,62-10-14,世,平,14,要修,H15/10/01,2003/10/01
89-14,50000,白木峰,しろきみね,89-14-15,世,平,14,要修,H15/10/01,2003/10/01
115-12,50000,柱島,はしらじま,115-12-11,世,平,14,修正,H15/10/01,2003/10/01
122-10,50000,神門,みかど,122-10-13,世,平,14,修正,H15/10/01,2003/10/01
29-5,50000,根室南部,ねむろなんぶ,29-5-11,世,平,14,修正,H15/09/01,2003/09/01
55-4,50000,陸中野田,りくちゅうのだ,55-4-10,世,平,14,修正,H15/09/01,2003/09/01
56-6,50000,大川,おおかわ,56-6-10,世,平,14,要修,H15/09/01,2003/09/01
72-8,50000,小国,おぐに,72-8-12,世,平,14,修正,H15/09/01,2003/09/01
101-4,50000,釈迦ヶ岳,しゃかがだけ,101-4-10,世,平,14,修正,H15/09/01,2003/09/01
104-9,50000,坂根,さかね,104-9-13,世,平,14,要修,H15/09/01,2003/09/01
114-5,50000,石見大田,いわみおおだ,114-5-15,世,平,14,修正,H15/09/01,2003/09/01
117-9,50000,伊予高山,いよたかやま,117-9-11,世,平,14,修正,H15/09/01,2003/09/01
131-8,50000,平戸,ひらど,131-8-14,世,平,14,要修,H15/09/01,2003/09/01
153-2,50000,種子島南部,たねがしまなんぶ,153-2-8,世,平,14,要修,H15/09/01,2003/09/01
28-14,50000,薫別,くんべつ,28-14-8,世,平,14,修正,H15/09/01,2003/09/01
35-12,50000,糠内,ぬかない,35-12-10,世,平,14,修正,H15/09/01,2003/09/01
40-12,50000,岩知志,いわちし,40-12-9,世,平,14,修正,H15/09/01,2003/09/01
49-12,50000,歌棄,うたすつ,49-12-12,世,平,14,修正,H15/09/01,2003/09/01
56-10,50000,外山,そとやま,56-10-11,世,平,14,要修,H15/09/01,2003/09/01
72-12,50000,中条,なかじょう,72-12-16,世,平,14,修正,H15/09/01,2003/09/01
109-13,50000,横田,よこた,109-13-13,世,平,14,修正,H15/09/01,2003/09/01
119-11,50000,山口,やまぐち,119-11-16,世,平,14,要修,H15/09/01,2003/09/01
122-16,50000,須木,すき,122-16-10,世,平,14,要修,H15/09/01,2003/09/01
128-14,50000,羽島,はしま,128-14-13,世,平,14,要修,H15/09/01,2003/09/01
51-1,50000,臼尻,うすじり,51-1-11,世,平,14,要修,H15/08/01,2003/08/01
55-7,50000,陸中大野,りくちゅうおおの,55-7-10,世,平,14,要修,H15/08/01,2003/08/01
62-4,50000,岩ヶ崎,いわがさき,62-4-16,世,平,15,要修,H15/08/01,2003/08/01
72-4,50000,手ノ子,てのこ,72-4-9,世,平,14,修正,H15/08/01,2003/08/01
81-2,50000,弥彦,やひこ,81-2-16,世,平,14,修正,H15/08/01,2003/08/01
119-1,50000,日原,にちはら,119-1-12,世,平,14,要修,H15/08/01,2003/08/01
58-14,50000,松島,まつしま,58-14-17,世,平,14,修正,H15/08/01,2003/08/01
62-11,50000,羽前金山,うぜんかねやま,62-11-11,世,平,14,修正,H15/08/01,2003/08/01
63-13,50000,月山,がっさん,63-13-10,世,平,14,修正,H15/08/01,2003/08/01
82-11,50000,飯山,いいやま,82-11-15,世,平,14,修正,H15/08/01,2003/08/01
111-12,50000,須崎,すさき,111-12-15,世,平,14,修正,H15/08/01,2003/08/01
119-15,50000,西市,にしいち,119-15-14,世,平,14,修正,H15/08/01,2003/08/01
119-16,50000,厚狭,あさ,119-16-22,世,平,14,要修,H15/08/01,2003/08/01
122-14,50000,椎葉村,しいばむら,122-14-13,世,平,14,修正,H15/08/01,2003/08/01
164-14,50000,魚釣島,うおつりしま,164-14-7AB,世,平,15,修正,H15/08/01,2003/08/01
43-7,50000,天塩,てしお,43-7-8,世,平,14,二編,H15/07/01,2003/07/01
55-8,50000,陸中関,りくちゅうせき,55-8-10,世,平,14,要修,H15/07/01,2003/07/01
56-1,50000,岩泉,いわいずみ,56-1-11,世,平,14,要修,H15/07/01,2003/07/01
56-3e,50000,とどヶ崎,とどがさき,56-3e-7,世,平,14,修正,H15/07/01,2003/07/01
63-5,50000,薬莱山,やくらいさん,63-5-12,世,平,15,要修,H15/07/01,2003/07/01
74-8,50000,日光,にっこう,74-8-20AB,世,平,14,修正,H15/07/01,2003/07/01
84-1,50000,三峰,みつみね,84-1-15,世,平,14,修正,H15/07/01,2003/07/01
88-3,50000,小滝,こたき,88-3-12,世,平,14,修正,H15/07/01,2003/07/01
102-7,50000,江住,えすみ,102-7-16,世,平,14,要修,H15/07/01,2003/07/01
112-9,50000,一子碆,いしがばえ,112-9-10,世,平,14,要修,H15/07/01,2003/07/01
113-8,50000,大社,たいしゃ,113-8-16,世,平,14,修正,H15/07/01,2003/07/01
114-4,50000,三次,みよし,114-4-18,世,平,14,修正,H15/07/01,2003/07/01
115-8,50000,倉橋島,くらはしじま,115-8-10,世,平,15,要修,H15/07/01,2003/07/01
116-3,50000,久万,くま,116-3-15,世,平,14,修正,H15/07/01,2003/07/01
119-2,50000,津和野,つわの,119-2-11,世,平,15,要修,H15/07/01,2003/07/01
119-3,50000,鹿野,かの,119-3-10,世,平,15,要修,H15/07/01,2003/07/01
119-9,50000,相島,あいしま,119-9-13,世,平,14,要修,H15/07/01,2003/07/01
43-13,50000,礼文島南部,れぶんとうなんぶ,43-13-5,世,平,14,修正,H15/07/01,2003/07/01
89-16,50000,三日町,みっかまち,89-16-16,世,平,14,要修,H15/07/01,2003/07/01
110-11,50000,魚島,うおしま,110-11-13,世,平,15,要修,H15/07/01,2003/07/01
117-11,50000,伊予鹿島,いよかしま,117-11-10,世,平,14,修正,H15/07/01,2003/07/01
119-14,50000,仙崎,せんざき,119-14-12,世,平,14,要修,H15/07/01,2003/07/01
31-4,50000,計根別,けねべつ,31-4-9,世,平,14,修正,H15/06/01,2003/06/01
56-2,50000,田老,たろう,56-2-9,世,平,14,要修,H15/06/01,2003/06/01
61-8,50000,六郷,ろくごう,61-8-15,世,平,14,修正,H15/06/01,2003/06/01
67-6,50000,八日市場,ようかいちば,67-6-19,世,平,14,修正,H15/06/01,2003/06/01
74-1,50000,田島,たじま,74-1-13,世,平,14,修正,H15/06/01,2003/06/01
81-5_9,50000,赤泊,あかどまり,81-5_9-10,世,平,14,要修,H15/06/01,2003/06/01
91-2,50000,佐久間,さくま,91-2-13,世,平,14,要修,H15/06/01,2003/06/01
94-7,50000,白峰,しらみね,94-7-19,世,平,14,修正,H15/06/01,2003/06/01
106-6,50000,日和佐,ひわさ,106-6-14,世,平,14,修正,H15/06/01,2003/06/01
111-1,50000,川口,かわぐち,111-1-14,世,平,14,要修,H15/06/01,2003/06/01
121-4,50000,蒲江,かまえ,121-4-13,世,平,14,要修,H15/06/01,2003/06/01
122-9,50000,諸塚山,もろつかやま,122-9-11,世,平,14,修正,H15/06/01,2003/06/01
127-5,50000,八代,やつしろ,127-5-18,世,平,14,修正,H15/06/01,2003/06/01
127-9,50000,三角,みすみ,127-9-15,世,平,14,修正,H15/06/01,2003/06/01
50-16,50000,相沼,あいぬま,50-16-9,世,平,14,修正,H15/06/01,2003/06/01
58-10,50000,石巻,いしのまき,58-10-14,世,平,14,修正,H15/06/01,2003/06/01
68-14,50000,鴨川,かもがわ,68-14-15,世,平,14,修正,H15/06/01,2003/06/01
98-13,50000,木本,きのもと,98-13-20,世,平,14,要修,H15/06/01,2003/06/01
115-14,50000,津田,つた,115-14-12,世,平,15,要修,H15/06/01,2003/06/01
120-16,50000,耶馬溪,やばけい,120-16-13,世,平,14,要修,H15/06/01,2003/06/01
125-12,50000,脊振山,せふりさん,125-12-17,世,平,14,要修,H15/06/01,2003/06/01
132-14,50000,立串,たてくし,132-14-12,世,平,14,要修,H15/06/01,2003/06/01
34-8,50000,陸別,りくべつ,34-8-7,世,平,14,修正,H15/05/01,2003/05/01
57-9,50000,人首,ひとかべ,57-9-11,世,平,14,要修,H15/05/01,2003/05/01
59-6,50000,蟹田,かにた,59-6-11,世,平,14,要修,H15/05/01,2003/05/01
90-1,50000,伊那,いな,90-1-17,世,平,14,修正,H15/05/01,2003/05/01
90-5,50000,木曽福島,きそふくしま,90-5-12,世,平,14,要修,H15/05/01,2003/05/01
121-2,50000,臼杵,うすき,121-2-13,世,平,14,要修,H15/05/01,2003/05/01
32-10,50000,大楽毛,おたのしけ,32-10-15,世,平,14,要修,H15/05/01,2003/05/01
57-11,50000,千厩,せんまや,57-11-14,世,平,14,要修,H15/05/01,2003/05/01
65-13,50000,長沼,ながぬま,65-13-12,世,平,14,修正,H15/05/01,2003/05/01
106-14,50000,北川,きたがわ,106-14-12,世,平,14,要修,H15/05/01,2003/05/01
106-16s,50000,室戸岬,むろとざき,106-16s-12,世,平,14,要修,H15/05/01,2003/05/01
132-15,50000,有川,ありかわ,132-15-11,世,平,14,要修,H15/05/01,2003/05/01
64-5,50000,桑折,こおり,64-5-15,世,平,14,修正,H15/04/01,2003/04/01
65-8,50000,高萩,たかはぎ,65-8-16,世,平,14,修正,H15/04/01,2003/04/01
66-9,50000,常陸大宮,ひたちおおみや,66-9-16,世,平,14,修正,H15/04/01,2003/04/01
102-5,50000,龍神,りゅうじん,102-5-12,世,平,14,修正,H15/04/01,2003/04/01
114-2,50000,頓原,とんばら,114-2-11,世,平,14,修正,H15/04/01,2003/04/01
132-6,50000,佐世保南部,させぼなんぶ,132-6-12,世,平,14,修正,H15/04/01,2003/04/01
65-10,50000,棚倉,たなぐら,65-10-16,世,平,14,修正,H15/04/01,2003/04/01
74-16,50000,追貝,おっかい,74-16-13,世,平,14,修正,H15/04/01,2003/04/01
106-11,50000,甲浦,かんのうら,106-11-13,世,平,14,要修,H15/04/01,2003/04/01
127-10,50000,教良木,きょうらぎ,127-10-12,世,平,14,修正,H15/04/01,2003/04/01
128-13,50000,西方,にしかた,128-13-14,世,平,14,要修,H15/04/01,2003/04/01
137-12,50000,男島及女島,おしまおよびめしま,137-12-3,世,平,13,修正,H15/04/01,2003/04/01
57-1,50000,釜石,かまいし,57-1-9,世,平,14,要修,H15/03/01,2003/03/01
65-4,50000,大津,おおつ,65-4-13,世,平,13,修正,H15/03/01,2003/03/01
66-7,50000,磯浜,いそはま,66-7-18,世,平,13,修正,H15/03/01,2003/03/01
87-4,50000,能登飯田,のといいだ,87-4-11,世,平,13,修正,H15/03/01,2003/03/01
90-8,50000,中津川,なかつがわ,90-8-15AB,世,平,13,修正,H15/03/01,2003/03/01
95-3,50000,美濃,みの,95-3-19,世,平,13,修正,H15/03/01,2003/03/01
109-1,50000,奥津,おくつ,109-1-14,世,平,13,要修,H15/03/01,2003/03/01
122-5,50000,延岡,のべおか,122-5-14,世,平,13,修正,H15/03/01,2003/03/01
132-7,50000,神浦,こうのうら,132-7-11,世,平,14,修正,H15/03/01,2003/03/01
68-10,50000,勝浦,かつうら,68-10-16,世,平,13,修正,H15/03/01,2003/03/01
73-12,50000,只見,ただみ,73-12-11,世,平,13,修正,H15/03/01,2003/03/01
75-13,50000,沼田,ぬまた,75-13-13,世,平,14,修正,H15/03/01,2003/03/01
64-4e,50000,磐城富岡,いわきとみおか,64-4e-11,世,平,13,修正,H15/02/01,2003/02/01
77-3,50000,館山,たてやま,77-3-13,世,平,13,修正,H15/02/01,2003/02/01
101-8,50000,伯母子岳,おばこだけ,101-8-13,世,平,13,修正,H15/02/01,2003/02/01
115-3,50000,三津,みつ,115-3-15,世,平,13,修正,H15/02/01,2003/02/01
134-7,50000,手打,てうち,134-7-15,世,平,13,修正,H15/02/01,2003/02/01
136-3,50000,漁生浦,りょうぜがうら,136-3-10,世,平,13,要修,H15/02/01,2003/02/01
29-14,50000,霧多布,きりたっぷ,29-14-8,世,平,13,修正,H15/02/01,2003/02/01
97-12,50000,島勝浦,しまかつうら,97-12-10,世,平,14,要修,H15/02/01,2003/02/01
132-10,50000,肥前江島,ひぜんえのしま,132-10-18,世,平,13,要修,H15/02/01,2003/02/01
41-6,50000,農屋,のや,41-6-8,世,平,13,修正,H15/01/01,2003/01/01
122-1,50000,島浦,しまうら,122-1-12,世,平,13,修正,H15/01/01,2003/01/01
132-3,50000,大村,おおむら,132-3-14,世,平,13,修正,H15/01/01,2003/01/01
36-12,50000,庶野,しょや,36-12-8,世,平,13,修正,H15/01/01,2003/01/01
65-12,50000,大子,だいご,65-12-15,世,平,14,修正,H15/01/01,2003/01/01
74-10,50000,檜枝岐,ひのえまた,74-10-13,世,平,13,修正,H15/01/01,2003/01/01
122-13,50000,鞍岡,くらおか,122-13-13,世,平,13,修正,H15/01/01,2003/01/01
64-9,50000,関,せき,64-9-13,世,平,13,修正,H14/12/01,2002/12/01
73-3,50000,喜多方,きたかた,73-3-16,世,平,13,要修,H14/12/01,2002/12/01
88-4,50000,白馬岳,しろうまだけ,88-4-14,世,平,13,修正,H14/12/01,2002/12/01
115-5,50000,可部,かべ,115-5-15,世,平,13,修正,H14/12/01,2002/12/01
36-13,50000,上札内,かみさつない,36-13-12,世,平,13,修正,H14/12/01,2002/12/01
36-16s,50000,襟裳岬,えりもみさき,36-16s-8,世,平,13,修正,H14/12/01,2002/12/01
64-15,50000,磐梯山,ばんだいさん,64-15-16,世,平,14,要修,H14/12/01,2002/12/01
36-5,50000,湧洞沼,ゆうどうぬま,36-5-8,世,平,13,修正,H14/11/01,2002/11/01
64-8,50000,常葉,ときわ,64-8-14,世,平,13,要修,H14/11/01,2002/11/01
121-1,50000,佐賀関,さがのせき,121-1-13,世,平,14,要修,H14/11/01,2002/11/01
133-1,50000,野母崎,のもざき,133-1-21,世,平,13,修正,H14/11/01,2002/11/01
105-11,50000,三本松,さんぼんまつ,105-11-14,世,平,14,修正,H14/11/01,2002/11/01
106-16,50000,奈半利,なはり,106-16-14,世,平,14,要修,H14/11/01,2002/11/01
36-9,50000,忠類,ちゅうるい,36-9-11,世,平,14,修正,H14/10/01,2002/10/01
65-1,50000,川前,かわまえ,65-1-12,世,平,14,修正,H14/10/01,2002/10/01
74-5,50000,針生,はりゅう,74-5-15,世,平,14,修正,H14/10/01,2002/10/01
111-2,50000,大栃,おおどち,111-2-15,世,平,14,要修,H14/10/01,2002/10/01
123-9,50000,宮崎,みやざき,123-9-17,世,平,13,要修,H14/10/01,2002/10/01
90-15,50000,金山,かなやま,90-15-17,世,平,14,要修,H14/10/01,2002/10/01
132-16,50000,佐尾,さお,132-16-8,世,平,13,要修,H14/10/01,2002/10/01
50-5,50000,豊浦,とようら,50-5-15,世,平,13,修正,H14/09/01,2002/09/01
65-5,50000,小野新町,おのにいまち,65-5-15,世,平,13,修正,H14/09/01,2002/09/01
65-7,50000,川部,かわべ,65-7-13,世,平,14,修正,H14/09/01,2002/09/01
94-2,50000,下梨,しもなし,94-2-13AB,世,平,13,要修,H14/09/01,2002/09/01
121-3,50000,佐伯,さいき,121-3-14,世,平,14,要修,H14/09/01,2002/09/01
133-2,50000,高浜,たかはま,133-2-9,世,平,13,修正,H14/09/01,2002/09/01
136-2,50000,肥前赤島,ひぜんあかしま,136-2-15,世,平,13,要修,H14/09/01,2002/09/01
47-13,50000,徳舜瞥山,とくしゅんべつやま,47-13-13,世,平,14,修正,H14/09/01,2002/09/01
111-10,50000,日比原,ひびはら,111-10-12,世,平,14,要修,H14/09/01,2002/09/01
126-12,50000,島原,しまばら,126-12-17,世,平,14,要修,H14/09/01,2002/09/01
127-15,50000,牛深,うしぶか,127-15-15,世,平,14,修正,H14/09/01,2002/09/01
47-9,50000,白老,しらおい,47-9-13,世,平,14,修正,H14/08/01,2002/08/01
74-6,50000,糸沢,いとざわ,74-6-17,世,平,14,修正,H14/08/01,2002/08/01
94-4,50000,白山,はくさん,94-4-14,世,平,13,要修,H14/08/01,2002/08/01
133-3,50000,魚貫崎,おにきざき,133-3-12,世,平,13,修正,H14/08/01,2002/08/01
36-11,50000,広尾,ひろお,36-11-10,世,平,13,修正,H14/08/01,2002/08/01
64-16,50000,猪苗代湖,いなわしろこ,64-16-12,世,平,14,要修,H14/08/01,2002/08/01
65-11,50000,塙,はなわ,65-11-11,世,平,13,修正,H14/08/01,2002/08/01
66-10,50000,水戸,みと,66-10-19,世,平,13,修正,H14/08/01,2002/08/01
66-11,50000,石岡,いしおか,66-11-17,世,平,13,修正,H14/08/01,2002/08/01
75-12,50000,熊谷,くまがや,75-12-19,世,平,13,修正,H14/08/01,2002/08/01
88-15,50000,虻ガ島,あぶがしま,88-15-13,世,平,14,要修,H14/08/01,2002/08/01
90-14,50000,下呂,げろ,90-14-16,世,平,14,要修,H14/08/01,2002/08/01
104-11,50000,上郡,かみごおり,104-11-20,世,平,13,修正,H14/08/01,2002/08/01
106-15,50000,馬路,うまじ,106-15-11,世,平,14,要修,H14/08/01,2002/08/01
58-7,50000,金華山,きんかさん,58-7-15,世,平,13,修正,H14/07/01,2002/07/01
65-1e,50000,井出,いで,65-1e-11,世,平,13,修正,H14/07/01,2002/07/01
67-2,50000,銚子,ちょうし,67-2-17,世,平,13,修正,H14/07/01,2002/07/01
95-2,50000,八幡,はちまん,95-2-17,世,平,13,修正,H14/07/01,2002/07/01
95-7,50000,谷汲,たにぐみ,95-7-14,世,平,13,修正,H14/07/01,2002/07/01
36-10,50000,大樹,たいき,36-10-12,世,平,13,修正,H14/07/01,2002/07/01
110-14,50000,尾道,おのみち,110-14-24,世,平,13,修正,H14/07/01,2002/07/01
40-2,50000,新得,しんとく,40-2-12,世,平,13,修正,H14/06/01,2002/06/01
44-6,50000,羽幌,はぼろ,44-6-12,世,平,13,修正,H14/06/01,2002/06/01
63-3,50000,仙台,せんだい,63-3-22,世,平,13,要修,H14/06/01,2002/06/01
65-6,50000,竹貫,たかぬき,65-6-11,世,平,13,修正,H14/06/01,2002/06/01
162-3,50000,慶良間列島,けらまれっとう,162-3-9,世,平,13,修正,H14/06/01,2002/06/01
162-6,50000,渡名喜島,となきじま,162-6-8,世,平,13,修正,H14/06/01,2002/06/01
44-1,50000,初山別,しょさんべつ,44-1-9,世,平,13,修正,H14/05/01,2002/05/01
44-2,50000,天塩有明,てしおありあけ,44-2-11,世,平,12,修正,H14/05/01,2002/05/01
46-3,50000,追分,おいわけ,46-3-14,世,平,12,要修,H14/05/01,2002/05/01
115-1,50000,乃美,のみ,115-1-15,世,平,13,修正,H14/05/01,2002/05/01
33-11,50000,上渚滑,かみしょこつ,33-11-9,世,平,12,要修,H14/05/01,2002/05/01
59-16,50000,鰺ヶ沢,あじがさわ,59-16-22,世,平,13,編集,H14/05/01,2002/05/01
117-14,50000,保戸島,ほとじま,117-14-12,世,平,12,修正,H14/05/01,2002/05/01
72-2,50000,大鳥池,おおとりいけ,72-2-9,世,平,12,要修,H14/04/01,2002/04/01
111-4,50000,安芸,あき,111-4-11,世,平,13,修正,H14/04/01,2002/04/01
111-5,50000,伊予三島,いよみしま,111-5-17,世,平,12,要修,H14/04/01,2002/04/01
101-14,50000,尾崎,おざき,101-14-21,世,平,13,修正,H14/04/01,2002/04/01
102-10,50000,田辺,たなべ,102-10-16AB,世,平,13,修正,H14/04/01,2002/04/01
28-8,50000,根室北部,ねむろほくぶ,28-8-10,世,平,12,修正,H14/03/01,2002/03/01
77-6,50000,三崎,みさき,77-6-16,世,平,12,修正,H14/03/01,2002/03/01
93-6,50000,富来,とぎ,93-6-12,世,平,12,要修,H14/03/01,2002/03/01
35-14,50000,中士幌,なかしほろ,35-14-13,世,平,12,編集,H14/03/01,2002/03/01
62-12,50000,新庄,しんじょう,62-12-16,世,平,13,要修,H14/03/01,2002/03/01
67-10,50000,成田,なりた,67-10-22AB,世,平,13,修正,H14/03/01,2002/03/01
117-15,50000,鶴御崎,つるみさき,117-15-11,世,平,12,修正,H14/03/01,2002/03/01
96-4,50000,師崎,もろざき,96-4-14,世,平,13,修正,H14/02/01,2002/02/01
126-7,50000,玉名,たまな,126-7-19,世,平,13,修正,H14/02/01,2002/02/01
126-9,50000,佐賀,さが,126-9-22AB,世,平,12,修正,H14/02/01,2002/02/01
128-2,50000,国分,こくぶ,128-2-14,世,平,12,要修,H14/02/01,2002/02/01
88-14,50000,小口瀬戸,こぐちせと,88-14-15,世,平,13,修正,H14/02/01,2002/02/01
43-4,50000,遠別,えんべつ,43-4-9,世,平,13,修正,H14/01/01,2002/01/01
50-2,50000,伊達,だて,50-2-14,世,平,12,修正,H14/01/01,2002/01/01
50-3,50000,室蘭,むろらん,50-3-13,世,平,13,修正,H14/01/01,2002/01/01
111-3,50000,手結,てい,111-3-13,世,平,13,修正,H14/01/01,2002/01/01
90-12,50000,恵那,えな,90-12-17,世,平,13,修正,H14/01/01,2002/01/01
98-14,50000,阿田和,あたわ,98-14-13,世,平,13,修正,H14/01/01,2002/01/01
55-5,50000,八戸東部,はちのへとうぶ,55-5-13,世,平,12,修正,H13/12/01,2001/12/01
102-9,50000,川原河,かわらごう,102-9-13,世,平,13,修正,H13/12/01,2001/12/01
128-6,50000,加治木,かじき,128-6-14,世,平,12,要修,H13/12/01,2001/12/01
32-11,50000,釧路,くしろ,32-11-14,世,平,13,修正,H13/12/01,2001/12/01
123-12,50000,都井岬,といみさき,123-12-12,世,平,12,修正,H13/12/01,2001/12/01
66-6,50000,ひたちなか,ひたちなか,66-6-19,世,平,12,修正,H13/11/01,2001/11/01
97-3,50000,波切,なきり,97-3-12,世,平,13,修正,H13/11/01,2001/11/01
40-15,50000,紅葉山,もみじやま,40-15-11,世,平,12,要修,H13/11/01,2001/11/01
41-13,50000,富川,とみかわ,41-13-11,世,平,12,修正,H13/11/01,2001/11/01
101-10,50000,岸和田,きしわだ,101-10-23,世,平,13,修正,H13/11/01,2001/11/01
161-16,50000,糸満,いとまん,161-16-8,世,平,13,修正,H13/11/01,2001/11/01
46-7,50000,恵庭,えにわ,46-7-17,世,平,12,要修,H13/10/01,2001/10/01
121-5,50000,大分,おおいた,121-5-17,世,平,12,要修,H13/10/01,2001/10/01
41-10,50000,静内,しずない,41-10-9,世,平,12,修正,H13/10/01,2001/10/01
41-11,50000,東静内,ひがししずない,41-11-8,世,平,13,修正,H13/10/01,2001/10/01
123-16,50000,志布志,しぶし,123-16-15,世,平,12,修正,H13/10/01,2001/10/01
58-13,50000,涌谷,わくや,58-13-14B,世,平,12,修正,H13/09/01,2001/09/01
60-7,50000,大館,おおだて,60-7-13B,世,平,13,要修,H13/08/01,2001/08/01
82-8,50000,岩菅山,いわすげやま,82-8-11B,世,平,12,修正,H13/08/01,2001/08/01
82-14,50000,高田西部,たかだせいぶ,82-14-15B,世,平,12,要修,H13/08/01,2001/08/01
100-14,50000,篠山,ささやま,100-14-17B,世,平,12,修正,H13/08/01,2001/08/01
102-11,50000,周参見,すさみ,102-11-17B,世,平,12,修正,H13/08/01,2001/08/01
115-13,50000,三段峡,さんだんきょう,115-13-11B,世,平,12,修正,H13/08/01,2001/08/01
67-5,50000,潮来,いたこ,67-5-19B,世,平,13,修正,H13/07/01,2001/07/01
102-6,50000,栗栖川,くりすがわ,102-6-14B,世,平,13,修正,H13/07/01,2001/07/01
41-7,50000,三石,みついし,41-7-8B,世,平,12,修正,H13/06/01,2001/06/01
76-8,50000,横浜,よこはま,76-8-21B,世,平,12,修正,H13/05/01,2001/05/01
64-12,50000,郡山,こおりやま,64-12-21B,世,平,12,修正,H13/05/01,2001/05/01
100-10,50000,園部,そのべ,100-10-15B,世,平,12,修正,H13/05/01,2001/05/01
89-9,50000,五百石,ごひゃくこく,89-9-16B,世,平,12,修正,H13/04/01,2001/04/01
82-15,50000,妙高山,みょうこうさん,82-15-15B,世,平,12,要修,H13/04/01,2001/04/01
31-3,50000,中標津,なかしべつ,31-3-10B,世,平,12,修正,H13/03/01,2001/03/01
71-4,50000,鶴岡,つるおか,71-4-16B,世,平,12,修正,H13/03/01,2001/03/01
96-2,50000,名古屋南部,なごやなんぶ,96-2-22B,世,平,12,要修,H13/03/01,2001/03/01
42-16,50000,礼文島北部,れぶんとうほくぶ,42-16-10B,世,平,12,要修,H13/03/01,2001/03/01
63-16,50000,赤湯,あかゆ,63-16-16B,世,平,12,要修,H13/02/01,2001/02/01
110-9,50000,井原,いはら,110-9-18B,世,平,12,要修,H13/01/01,2001/01/01
63-10,50000,楯岡,たておか,63-10-15B,世,平,11,要修,H13/01/01,2001/01/01
63-14,50000,左沢,あてらざわ,63-14-12B,世,平,12,要修,H12/12/01,2000/12/01
110-13,50000,府中,ふちゅう,110-13-13B,世,平,12,修正,H12/12/01,2000/12/01
77-1,50000,富津,ふっつ,77-1-17B,世,平,12,要修,H12/11/01,2000/11/01
110-5,50000,玉島,たましま,110-5-19B,世,平,12,要修,H12/11/01,2000/11/01
57-2,50000,綾里,りょうり,57-2-11B,世,平,11,要修,H12/10/01,2000/10/01
77-5,50000,横須賀,よこすか,77-5-16B,世,平,12,修正,H12/10/01,2000/10/01
163-1,50000,宮古島北部,みやこじまほくぶ,163-1-7B,世,平,12,要修,H12/10/01,2000/10/01
67-11,50000,東金,とうがね,67-11-17B,世,平,12,修正,H12/10/01,2000/10/01
35-11,50000,十勝池田,とかちいけだ,35-11-11B,世,平,11,修正,H12/09/01,2000/09/01
39-10,50000,旭川,あさひかわ,39-10-15B,世,平,12,修正,H12/09/01,2000/09/01
67-15,50000,千葉,ちば,67-15-20B,世,平,12,修正,H12/09/01,2000/09/01
84-2,50000,丹波,たば,84-2-17BC,世,平,11,修正,H12/08/01,2000/08/01
99-16,50000,大江山,おおえやま,99-16-16B,世,平,12,要修,H12/08/01,2000/08/01
96-5,50000,津島,つしま,96-5-25B,世,平,11,修正,H12/07/01,2000/07/01
39-11,50000,美瑛,びえい,39-11-10B,世,平,11,修正,H12/07/01,2000/07/01
41-14,50000,門別,もんべつ,41-14-9B,世,平,11,修正,H12/07/01,2000/07/01
105-16,50000,脇町,わきまち,105-16-18B,世,平,12,要修,H12/07/01,2000/07/01
117-3,50000,土佐中村,とさなかむら,117-3-11B,世,平,11,要修,H12/06/01,2000/06/01
127-7,50000,佐敷,さしき,127-7-16B,世,平,11,修正,H12/06/01,2000/06/01
64-13,50000,米沢,よねざわ,64-13-15B,世,平,11,要修,H12/06/01,2000/06/01
77-15,50000,伊東,いとう,77-15-16B,世,平,11,修正,H12/06/01,2000/06/01
39-14,50000,深川,ふかがわ,39-14-12B,世,平,11,要修,H12/05/01,2000/05/01
116-16,50000,伊予三崎,いよみさき,116-16-12B,世,平,10,修正,H12/04/01,2000/04/01
75-2,50000,壬生,みぶ,75-2-16B,世,平,11,修正,H12/02/01,2000/02/01
114-8,50000,八重,やえ,114-8-16B,世,平,10,修正,H12/02/01,2000/02/01
117-7,50000,宿毛,すくも,117-7-13B,世,平,10,要修,H12/02/01,2000/02/01
52-7,50000,奥尻島北部,おくしりとうほくぶ,52-7-11B,世,平,11,修正,H12/01/01,2000/01/01
62-5,50000,横手,よこて,62-5-15B,世,平,10,要修,H12/01/01,2000/01/01
62-9,50000,浅舞,あさまい,62-9-16B,世,平,10,要修,H12/01/01,2000/01/01
99-12,50000,舞鶴,まいづる,99-12-17B,世,平,10,要修,H12/01/01,2000/01/01
57-6,50000,盛,さかり,57-6-10B,世,平,11,要修,H11/12/01,1999/12/01
110-3,50000,丸亀,まるがめ,110-3-17B,世,平,11,修正,H11/12/01,1999/12/01
119-10,50000,萩,はぎ,119-10-16C,世,平,11,要修,H11/12/01,1999/12/01
50-1,50000,洞爺湖温泉,とうやこおんせん,50-1-14B,世,平,11,要修,H11/11/01,1999/11/01
52-8,50000,奥尻島南部,おくしりとうなんぶ,52-8-12B,世,平,10,修正,H11/11/01,1999/11/01
67-7,50000,木戸,きど,67-7-14B,世,平,10,修正,H11/11/01,1999/11/01
96-1,50000,名古屋北部,なごやほくぶ,96-1-25B,世,平,11,要修,H11/10/01,1999/10/01
46-4,50000,早来,はやきた,46-4-15B,世,平,10,要修,H11/09/01,1999/09/01
66-12,50000,玉造,たまつくり,66-12-14B,世,平,11,修正,H11/09/01,1999/09/01
91-14,50000,豊田,とよた,91-14-20B,世,平,11,修正,H11/09/01,1999/09/01
67-9,50000,佐原,さわら,67-9-18B,世,平,9,修正,H11/08/01,1999/08/01
101-9,50000,大阪西南部,おおさかせいなんぶ,101-9-17B,世,平,11,修正,H11/08/01,1999/08/01
88-12,50000,魚津,うおづ,88-12-19B,世,平,10,修正,H11/08/01,1999/08/01
100-12,50000,大阪西北部,おおさかせいほくぶ,100-12-26B,世,平,11,要修,H11/08/01,1999/08/01
100-15,50000,三田,さんだ,100-15-18B,世,平,11,要修,H11/08/01,1999/08/01
100-2,50000,京都東北部,きょうととうほくぶ,100-2-21BC,世,平,11,修正,H11/07/01,1999/07/01
100-6,50000,京都西北部,きょうとせいほくぶ,100-6-19B,世,平,11,修正,H11/07/01,1999/07/01
125-6,50000,直方,のおがた,125-6-19B,世,平,11,修正,H11/07/01,1999/07/01
125-7,50000,太宰府,だざいふ,125-7-22B,世,平,11,修正,H11/07/01,1999/07/01
75-6,50000,栃木,とちぎ,75-6-18B,世,平,11,修正,H11/06/01,1999/06/01
75-10,50000,桐生及足利,きりゅうおよびあしかが,75-10-15B,世,平,8,修正,H11/06/01,1999/06/01
62-7,50000,秋ノ宮,あきのみや,62-7-12B,世,平,10,要修,H11/05/01,1999/05/01
73-7,50000,野沢,のざわ,73-7-14B,世,平,10,要修,H11/03/01,1999/03/01
73-10,50000,津川,つがわ,73-10-13B,世,平,10,要修,H11/03/01,1999/03/01
114-16,50000,木都賀,きつか,114-16-14B,世,平,9,修正,H11/03/01,1999/03/01
46-8,50000,千歳,ちとせ,46-8-14B,世,平,10,要修,H11/02/01,1999/02/01
57-8,50000,津谷,つや,57-8-11B,世,平,9,修正,H11/02/01,1999/02/01
58-5,50000,大須,おおす,58-5-8B,世,平,9,修正,H11/02/01,1999/02/01
75-7,50000,古河,こが,75-7-15C,世,平,9,修正,H11/02/01,1999/02/01
106-9,50000,雲早山,くもそうやま,106-9-12B,世,平,9,修正,H11/02/01,1999/02/01
132-1,50000,伊万里,いまり,132-1-16B,世,平,9,修正,H11/02/01,1999/02/01
156-2,50000,喜界島,きかいしま,156-2-6B,世,平,9,修正,H11/02/01,1999/02/01
56-15,50000,日詰,ひづめ,56-15-14B,世,平,9,修正,H11/02/01,1999/02/01
57-12,50000,志津川,しづがわ,57-12-13B,世,平,9,修正,H11/02/01,1999/02/01
35-9,50000,上士幌,かみしほろ,35-9-12B,世,平,9,二編,H11/01/01,1999/01/01
43-2,50000,豊富,とよとみ,43-2-10B,世,平,9,二編,H11/01/01,1999/01/01
63-9,50000,尾花沢,おばなざわ,63-9-15B,世,平,9,修正,H11/01/01,1999/01/01
81-9_13,50000,河原田,かわはらだ,81-9_13-9B,世,平,9,修正,H11/01/01,1999/01/01
83-5,50000,草津,くさつ,83-5-16B,世,平,9,修正,H11/01/01,1999/01/01
109-4,50000,岡山北部,おかやまほくぶ,109-4-19B,世,平,9,要修,H11/01/01,1999/01/01
109-7,50000,呰部,あざえ,109-7-13B,世,平,9,要修,H11/01/01,1999/01/01
117-6,50000,岩松,いわまつ,117-6-12B,世,平,9,修正,H11/01/01,1999/01/01
125-9,50000,神湊,こうのみなと,125-9-14B,世,平,9,修正,H11/01/01,1999/01/01
166-1,50000,石垣島東北部,いしがきじまとうほくぶ,166-1-6B,世,平,9,修正,H11/01/01,1999/01/01
166-6,50000,石垣島,いしがきじま,166-6-7B,世,平,9,修正,H11/01/01,1999/01/01
35-13,50000,然別湖,しかりべつこ,35-13-10B,世,平,9,二編,H11/01/01,1999/01/01
37-13,50000,鬼志別,おにしべつ,37-13-14B,世,平,9,二編,H11/01/01,1999/01/01
84-13,50000,高遠,たかとお,84-13-14B,世,平,9,修正,H11/01/01,1999/01/01
62-1,50000,川尻,かわしり,62-1-15B,世,平,10,要修,H10/12/01,1998/12/01
83-4,50000,万場,まんば,83-4-13B,世,平,9,修正,H10/12/01,1998/12/01
85-3,50000,修善寺,しゅぜんじ,85-3-13B,世,平,9,修正,H10/12/01,1998/12/01
85-4,50000,下田,しもだ,85-4-13B,世,平,9,修正,H10/12/01,1998/12/01
75-15,50000,高崎,たかさき,75-15-19B,世,平,10,修正,H10/12/01,1998/12/01
77-16,50000,稲取,いなとり,77-16-12B,世,平,9,修正,H10/12/01,1998/12/01
86-1,50000,神子元島,みこもとじま,86-1-12B,世,平,9,修正,H10/11/01,1998/11/01
104-4,50000,高砂,たかさご,104-4-21B,世,平,9,修正,H10/11/01,1998/11/01
104-3,50000,北条,ほうじょう,104-3-19B,世,平,9,修正,H10/10/01,1998/10/01
91-11,50000,御油,ごゆ,91-11-19B,世,平,9,修正,H10/10/01,1998/10/01
94-1,50000,城端,じょうはな,94-1-16B,世,平,10,修正,H10/09/01,1998/09/01
128-5,50000,栗野,くりの,128-5-12B,世,平,9,修正,H10/09/01,1998/09/01
132-2,50000,早岐,はいき,132-2-15B,世,平,9,修正,H10/09/01,1998/09/01
67-14,50000,佐倉,さくら,67-14-18B,世,平,9,修正,H10/09/01,1998/09/01
75-11,50000,深谷,ふかや,75-11-17B,世,平,9,修正,H10/09/01,1998/09/01
76-13,50000,秩父,ちちぶ,76-13-20C,世,平,9,修正,H10/09/01,1998/09/01
91-13,50000,瀬戸,せと,91-13-21B,世,平,9,修正,H10/09/01,1998/09/01
83-1,50000,中之条,なかのじょう,83-1-12B,世,平,9,修正,H10/08/01,1998/08/01
95-4,50000,岐阜,ぎふ,95-4-21B,世,平,9,修正,H10/08/01,1998/08/01
63-4,50000,岩沼,いわぬま,63-4-16B,世,平,9,修正,H10/07/01,1998/07/01
115-9,50000,加計,かけ,115-9-10B,世,平,9,修正,H10/06/01,1998/06/01
56-12,50000,大迫,おおはさま,56-12-7B,世,平,9,修正,H10/06/01,1998/06/01
84-12,50000,身延,みのぶ,84-12-16B,世,平,9,修正,H10/06/01,1998/06/01
38-15,50000,添牛内,そえうしない,38-15-12B,世,平,9,要修,H10/05/01,1998/05/01
77-9,50000,平塚,ひらつか,77-9-22B,世,平,9,修正,H10/03/01,1998/03/01
83-2,50000,榛名山,はるなさん,83-2-17B,世,平,9,要修,H10/03/01,1998/03/01
83-7,50000,御代田,みよた,83-7-19B,世,平,9,要修,H10/03/01,1998/03/01
113-4,50000,今市,いまいち,113-4-16B,世,平,9,要修,H10/03/01,1998/03/01
38-10,50000,名寄,なよろ,38-10-10B,世,平,9,要修,H10/03/01,1998/03/01
38-14,50000,ピッシリ山,ぴっしりやま,38-14-8B,世,平,9,要修,H10/03/01,1998/03/01
75-14,50000,前橋,まえばし,75-14-20B,世,平,9,要修,H10/03/01,1998/03/01
83-6,50000,軽井沢,かるいざわ,83-6-22B,世,平,9,要修,H10/02/01,1998/02/01
103-2,50000,塩江,しおえ,103-2-16B,世,平,8,修正,H10/02/01,1998/02/01
53-11,50000,渡島大島,おしまおおしま,53-11-8B,世,平,8,修正,H10/02/01,1998/02/01
72-11,50000,村上,むらかみ,72-11-13B,世,平,8,修正,H10/02/01,1998/02/01
83-10,50000,上田,うえだ,83-10-16B,世,平,9,要修,H10/02/01,1998/02/01
83-13,50000,長野,ながの,83-13-21B,世,平,9,要修,H10/02/01,1998/02/01
83-14,50000,坂城,さかき,83-14-17B,世,平,9,要修,H10/02/01,1998/02/01
114-14,50000,江津,ごうつ,114-14-12B,世,平,8,修正,H10/02/01,1998/02/01
85-6,50000,吉原,よしわら,85-6-15B,世,平,8,修正,H10/01/01,1998/01/01
103-3,50000,城崎,きのさき,103-3-17B,世,平,8,修正,H10/01/01,1998/01/01
27-11,50000,知床岬,しれとこみさき,27-11-9B,世,平,8,修正,H10/01/01,1998/01/01
110-10,50000,福山,ふくやま,110-10-18B,世,平,8,修正,H10/01/01,1998/01/01
126-16,50000,肥前小浜,ひぜんおばま,126-16-17B,世,平,8,修正,H10/01/01,1998/01/01
125-14,50000,玄界島,げんかいじま,125-14-18B,世,平,8,修正,H09/12/01,1997/12/01
41-3,50000,西舎,にしちゃ,41-3-8B,世,平,9,修正,H09/11/01,1997/11/01
121-7,50000,三重町,みえまち,121-7-13C,世,平,8,修正,H09/11/01,1997/11/01
127-3,50000,人吉,ひとよし,127-3-16B,世,平,9,要修,H09/11/01,1997/11/01
99-11,50000,丹後由良,たんごゆら,99-11-16B,世,平,8,修正,H09/11/01,1997/11/01
128-16,50000,野間岳,のまだけ,128-16-9B,世,平,8,修正,H09/11/01,1997/11/01
56-8,50000,土淵,つちぶち,56-8-7BC,世,平,8,修正,H09/10/01,1997/10/01
59-8,50000,青森西部,あおもりせいぶ,59-8-11B,世,平,8,修正,H09/10/01,1997/10/01
73-2,50000,熱塩,あつしお,73-2-12B,世,平,9,要修,H09/10/01,1997/10/01
114-9,50000,大浦,おおうら,114-9-12B,世,平,8,修正,H09/10/01,1997/10/01
38-2,50000,上興部,かみおこっぺ,38-2-8B,世,平,7,修正,H09/09/01,1997/09/01
41-2,50000,神威岳,かむいだけ,41-2-8B,世,平,8,修正,H09/09/01,1997/09/01
50-4,50000,鹿部,しかべ,50-4-8B,世,平,8,修正,H09/09/01,1997/09/01
126-1,50000,日田,ひた,126-1-16B,世,平,9,要修,H09/09/01,1997/09/01
27-16,50000,羅臼,らうす,27-16-9B,世,平,8,修正,H09/09/01,1997/09/01
85-16,50000,掛川,かけがわ,85-16-19B,世,平,9,修正,H09/09/01,1997/09/01
94-10,50000,小松,こまつ,94-10-17B,世,平,9,修正,H09/09/01,1997/09/01
43-1,50000,沼川,ぬまかわ,43-1-10B,世,平,8,二編,H09/08/01,1997/08/01
66-8,50000,鉾田,ほこた,66-8-13B,世,平,8,修正,H09/08/01,1997/08/01
76-9,50000,川越,かわごえ,76-9-20C,世,平,8,要修,H09/08/01,1997/08/01
85-2,50000,沼津,ぬまづ,85-2-23B,世,平,8,修正,H09/08/01,1997/08/01
76-16,50000,秦野,はだの,76-16-17C,世,平,8,修正,H09/08/01,1997/08/01
99-14,50000,網野,あみの,99-14-13B,世,平,8,修正,H09/08/01,1997/08/01
76-10,50000,青梅,おうめ,76-10-24B,世,平,9,要修,H09/07/01,1997/07/01
76-12,50000,藤沢,ふじさわ,76-12-26B,世,平,9,修正,H09/07/01,1997/07/01
76-14,50000,五日市,いつかいち,76-14-17B,世,平,9,修正,H09/07/01,1997/07/01
77-13,50000,小田原,おだわら,77-13-26B,世,平,8,修正,H09/07/01,1997/07/01
45-3,50000,滝川,たきかわ,45-3-15B,世,平,8,修正,H09/06/01,1997/06/01
46-6,50000,江別,えべつ,46-6-16B,世,平,8,修正,H09/06/01,1997/06/01
88-7,50000,泊,とまり,88-7-15B,世,平,8,修正,H09/06/01,1997/06/01
93-8,50000,津幡,つばた,93-8-12B,世,平,8,修正,H09/06/01,1997/06/01
39-15,50000,赤平,あかびら,39-15-13B,世,平,8,修正,H09/06/01,1997/06/01
99-10,50000,冠島,かんむりじま,99-10-13B,世,平,8,修正,H09/06/01,1997/06/01
40-3,50000,御影,みかげ,40-3-13B,世,平,8,要修,H09/05/01,1997/05/01
43-6,50000,稚咲内,わっかさかない,43-6-8B,世,平,8,二編,H09/05/01,1997/05/01
119-4,50000,徳山,とくやま,119-4-19B,世,平,8,修正,H09/05/01,1997/05/01
35-15,50000,帯広,おびひろ,35-15-15B,世,平,8,要修,H09/05/01,1997/05/01
89-13,50000,八尾,やつお,89-13-18BC,世,平,8,修正,H09/05/01,1997/05/01
104-16,50000,和気,わけ,104-16-17B,世,平,8,修正,H09/05/01,1997/05/01
60-5,50000,黒石,くろいし,60-5-14B,世,平,8,修正,H09/04/01,1997/04/01
75-3,50000,小山,おやま,75-3-17B,世,平,8,修正,H09/04/01,1997/04/01
75-4,50000,水海道,みつかいどう,75-4-14B,世,平,7,修正,H09/04/01,1997/04/01
33-13,50000,沢木,さわき,33-13-9B,世,平,7,修正,H09/04/01,1997/04/01
39-16,50000,上芦別,かみあしべつ,39-16-10B,世,平,8,修正,H09/04/01,1997/04/01
101-11,50000,粉河,こかわ,101-11-16B,世,平,8,修正,H09/04/01,1997/04/01
43-5,50000,抜海,ばっかい,43-5-8B,世,平,8,二編,H09/03/01,1997/03/01
46-5,50000,当別,とうべつ,46-5-15B,世,平,8,修正,H09/03/01,1997/03/01
60-9,50000,弘前,ひろさき,60-9-12B,世,平,7,修正,H09/03/01,1997/03/01
93-4,50000,石動,いするぎ,93-4-14D,世,平,8,修正,H09/03/01,1997/03/01
114-6,50000,三瓶山,さんべさん,114-6-12B,世,平,8,修正,H09/03/01,1997/03/01
73-11,50000,御神楽岳,みかぐらだけ,73-11-9C,世,平,8,修正,H09/03/01,1997/03/01
77-14,50000,熱海,あたみ,77-14-19C,世,平,8,修正,H09/03/01,1997/03/01
92-13,50000,伊良湖岬,いらごみさき,92-13-14B,世,平,8,修正,H09/03/01,1997/03/01
99-15,50000,宮津,みやづ,99-15-16C,世,平,8,修正,H09/03/01,1997/03/01
114-10,50000,温泉津,ゆのつ,114-10-13B,世,平,8,修正,H09/03/01,1997/03/01
121-13,50000,森,もり,121-13-15B,世,平,8,要修,H09/03/01,1997/03/01
38-1,50000,雄武,おうむ,38-1-9B,世,平,7,修正,H09/02/01,1997/02/01
41-4,50000,浦河,うらかわ,41-4-8B,世,平,8,修正,H09/02/01,1997/02/01
121-9,50000,別府,べっぷ,121-9-16B,世,平,8,要修,H09/02/01,1997/02/01
57-16,50000,若柳,わかやなぎ,57-16-13B,世,平,8,修正,H09/02/01,1997/02/01
105-13,50000,西大寺,さいだいじ,105-13-16B,世,平,8,修正,H09/02/01,1997/02/01
120-11,50000,宇佐,うさ,120-11-15B,世,平,8,要修,H09/02/01,1997/02/01
125-15,50000,前原,まえばる,125-15-15B,世,平,8,修正,H09/02/01,1997/02/01
42-8,50000,稚内,わっかない,42-8-10B,世,平,8,二編,H09/01/01,1997/01/01
45-4,50000,砂川,すながわ,45-4-15B,世,平,7,修正,H09/01/01,1997/01/01
93-5,50000,剱地,つるぎぢ,93-5-10B,世,平,7,修正,H09/01/01,1997/01/01
127-4,50000,加久藤,かくとう,127-4-16B,世,平,8,要修,H09/01/01,1997/01/01
128-1,50000,霧島山,きりしまやま,128-1-12B,世,平,7,修正,H09/01/01,1997/01/01
31-14,50000,美幌,びほろ,31-14-10B,世,平,7,二編,H09/01/01,1997/01/01
38-16,50000,幌加内,ほろかない,38-16-10C,世,平,8,二編,H09/01/01,1997/01/01
73-14,50000,新津,にいつ,73-14-17C,世,平,8,要修,H09/01/01,1997/01/01
120-12,50000,豊岡,とよおか,120-12-15B,世,平,8,要修,H09/01/01,1997/01/01
129-13,50000,坊,ぼう,129-13-11B,世,平,7,修正,H09/01/01,1997/01/01
34-2,50000,北見,きたみ,34-2-10B,世,平,7,二編,H08/12/01,1996/12/01
41-1,50000,札内川上流,さつないがわじょうりゅう,41-1-9B,世,平,8,修正,H08/12/01,1996/12/01
59-4,50000,青森東部,あおもりとうぶ,59-4-13B,世,平,8,修正,H08/12/01,1996/12/01
60-2,50000,十和田湖,とわだこ,60-2-10B,世,平,8,修正,H08/12/01,1996/12/01
93-3,50000,氷見,ひみ,93-3-15B,世,平,8,修正,H08/12/01,1996/12/01
104-5,50000,大屋市場,おおやいちば,104-5-12B,世,平,8,修正,H08/12/01,1996/12/01
125-4,50000,吉井,よしい,125-4-17B,世,平,8,要修,H08/12/01,1996/12/01
34-11,50000,常元,つねもと,34-11-8B,世,平,8,修正,H08/12/01,1996/12/01
66-15,50000,真壁,まかべ,66-15-15B,世,平,8,修正,H08/12/01,1996/12/01
88-11,50000,三日市,みっかいち,88-11-17B,世,平,8,修正,H08/12/01,1996/12/01
97-14,50000,高見山,たかみやま,97-14-13C,世,平,7,修正,H08/12/01,1996/12/01
32-7,50000,昆布森,こんぶもり,32-7-7B,世,平,7,修正,H08/11/01,1996/11/01
46-1,50000,岩見沢,いわみざわ,46-1-16B,世,平,7,修正,H08/11/01,1996/11/01
88-2,50000,糸魚川,いといがわ,88-2-12B,世,平,8,修正,H08/11/01,1996/11/01
101-7,50000,高野山,こうやさん,101-7-20B,世,平,8,修正,H08/11/01,1996/11/01
39-13,50000,鷹泊,たかどまり,39-13-11B,世,平,8,二編,H08/11/01,1996/11/01
34-1,50000,端野,たんの,34-1-6B,世,平,7,二編,H08/10/01,1996/10/01
38-3,50000,西興部,にしおこっぺ,38-3-7C,世,平,8,修正,H08/10/01,1996/10/01
46-2,50000,夕張,ゆうばり,46-2-15B,世,平,7,修正,H08/10/01,1996/10/01
120-5,50000,野島,のしま,120-5-11B,世,平,8,修正,H08/10/01,1996/10/01
126-3,50000,菊池,きくち,126-3-19B,世,平,8,修正,H08/10/01,1996/10/01
51-12,50000,渡島福島,おしまふくしま,51-12-9B,世,平,8,修正,H08/10/01,1996/10/01
85-12,50000,住吉,すみよし,85-12-14B,世,平,7,修正,H08/10/01,1996/10/01
111-14,50000,石鎚山,いしづちさん,111-14-11B,世,平,8,修正,H08/10/01,1996/10/01
33-7,50000,中湧別,なかゆうべつ,33-7-12B,世,平,7,二編,H08/09/01,1996/09/01
42-4,50000,宗谷,そうや,42-4-12B,世,平,8,二編,H08/09/01,1996/09/01
126-4,50000,御船,みふね,126-4-19B,世,平,8,修正,H08/09/01,1996/09/01
129-5,50000,開聞岳,かいもんだけ,129-5-12B,世,平,7,修正,H08/09/01,1996/09/01
129-9,50000,枕崎,まくらざき,129-9-13B,世,平,7,修正,H08/09/01,1996/09/01
31-13,50000,女満別,めまんべつ,31-13-8B,世,平,7,二編,H08/09/01,1996/09/01
35-10,50000,高島,たかしま,35-10-11B,世,平,7,要修,H08/09/01,1996/09/01
38-11,50000,士別,しべつ,38-11-14C,世,平,8,二編,H08/09/01,1996/09/01
66-14,50000,真岡,もおか,66-14-16C,世,平,8,修正,H08/09/01,1996/09/01
97-13,50000,名張,なばり,97-13-20C,世,平,7,修正,H08/09/01,1996/09/01
34-7,50000,小利別,しょうとしべつ,34-7-7B,世,平,8,二編,H08/08/01,1996/08/01
92-9,50000,田原,たはら,92-9-18B,世,平,7,修正,H08/08/01,1996/08/01
110-6,50000,寄島,よりしま,110-6-14B,世,平,7,修正,H08/08/01,1996/08/01
115-2,50000,竹原,たけはら,115-2-14B,世,平,8,修正,H08/08/01,1996/08/01
125-8,50000,甘木,あまぎ,125-8-21B,世,平,7,修正,H08/08/01,1996/08/01
66-13,50000,烏山,からすやま,66-13-12C,世,平,7,修正,H08/08/01,1996/08/01
32-5,50000,標茶,しべちゃ,32-5-12B,世,平,6,修正,H08/07/01,1996/07/01
42-3,50000,宗谷岬,そうやみさき,42-3-6B,世,平,8,二編,H08/07/01,1996/07/01
63-8,50000,白石,しろいし,63-8-17B,世,平,8,修正,H08/07/01,1996/07/01
97-15,50000,大台ヶ原山,おおだいがはらざん,97-15-11B,世,平,7,修正,H08/07/01,1996/07/01
120-15,50000,中津,なかつ,120-15-13C,世,平,7,修正,H08/07/01,1996/07/01
84-3,50000,都留,つる,84-3-20B,世,平,7,修正,H08/06/01,1996/06/01
95-8,50000,大垣,おおがき,95-8-22BC,世,平,7,修正,H08/06/01,1996/06/01
120-1,50000,光,ひかり,120-1-20B,世,平,8,修正,H08/06/01,1996/06/01
97-16,50000,尾鷲,おわせ,97-16-13C,世,平,7,修正,H08/06/01,1996/06/01
32-1,50000,茶内原野,ちゃないげんや,32-1-8B,世,平,6,修正,H08/05/01,1996/05/01
32-6,50000,尾幌,おぼろ,32-6-9B,世,平,6,修正,H08/05/01,1996/05/01
63-2,50000,吉岡,よしおか,63-2-15B,世,平,7,修正,H08/05/01,1996/05/01
75-1,50000,宇都宮,うつのみや,75-1-18B,世,平,7,修正,H08/04/01,1996/04/01
88-8,50000,黒部,くろべ,88-8-15C,世,平,7,修正,H08/04/01,1996/04/01
91-6,50000,田口,たぐち,91-6-13C,世,平,7,修正,H08/04/01,1996/04/01
109-6,50000,勝山,かつやま,109-6-12B,世,平,6,修正,H08/04/01,1996/04/01
104-1,50000,但馬竹田,たじまたけだ,104-1-14B,世,平,7,修正,H08/03/01,1996/03/01
62-8,50000,鳴子,なるこ,62-8-13C,世,平,7,修正,H08/02/01,1996/02/01
126-8,50000,熊本,くまもと,126-8-21B,世,平,6,修正,H08/02/01,1996/02/01
100-13,50000,福知山,ふくちやま,100-13-17BC,世,平,7,修正,H08/02/01,1996/02/01
32-2,50000,厚岸,あっけし,32-2-7B,世,平,7,修正,H08/01/01,1996/01/01
74-3,50000,塩原,しおばら,74-3-16B,世,平,7,修正,H08/01/01,1996/01/01
76-7,50000,東京西南部,とうきょうせいなんぶ,76-7-23B,世,平,7,修正,H08/01/01,1996/01/01
81-4,50000,長岡,ながおか,81-4-17B,世,平,6,修正,H08/01/01,1996/01/01
96-6,50000,桑名,くわな,96-6-23C,世,平,7,修正,H08/01/01,1996/01/01
65-15,50000,大田原,おおたわら,65-15-14B,世,平,7,修正,H08/01/01,1996/01/01
126-10,50000,大牟田,おおむた,126-10-19B,世,平,6,修正,H08/01/01,1996/01/01
51-4,50000,佐井,さい,51-4-9B,世,平,7,修正,H07/12/01,1995/12/01
81-7,50000,出雲崎,いずもざき,81-7-13B,世,平,7,修正,H07/12/01,1995/12/01
108-3,50000,青谷,あおや,108-3-13B,世,平,6,修正,H07/12/01,1995/12/01
109-5,50000,湯本,ゆもと,109-5-13B,世,平,6,修正,H07/12/01,1995/12/01
63-12,50000,上山,かみのやま,63-12-15B,世,平,6,修正,H07/12/01,1995/12/01
34-3,50000,本岐,ほんき,34-3-7B,世,平,7,二編,H07/11/01,1995/11/01
34-6,50000,留辺蘂,るべしべ,34-6-7B,世,平,7,二編,H07/11/01,1995/11/01
38-7,50000,下川,しもかわ,38-7-9B,世,平,7,二編,H07/11/01,1995/11/01
57-7,50000,気仙沼,けせんぬま,57-7-11B,世,平,6,修正,H07/11/01,1995/11/01
110-1,50000,岡山南部,おかやまなんぶ,110-1-17B,世,平,6,修正,H07/11/01,1995/11/01
122-7,50000,都農,つの,122-7-11B,世,平,5,修正,H07/11/01,1995/11/01
132-5,50000,佐世保,させぼ,132-5-13C,世,平,6,修正,H07/11/01,1995/11/01
33-10,50000,紋別,もんべつ,33-10-9B,世,平,7,修正,H07/11/01,1995/11/01
123-13,50000,野尻,のじり,123-13-13B,世,平,6,修正,H07/11/01,1995/11/01
123-14,50000,都城,みやこのじょう,123-14-16C,世,平,6,修正,H07/11/01,1995/11/01
51-3,50000,大間,おおま,51-3-10B,世,平,6,修正,H07/10/01,1995/10/01
59-1,50000,陸奥川内,むつかわうち,59-1-10B,世,平,7,修正,H07/10/01,1995/10/01
31-7,50000,摩周湖,ましゅうこ,31-7-8B,世,平,6,修正,H07/09/01,1995/09/01
31-8,50000,磯分内,いそぶんない,31-8-10B,世,平,6,修正,H07/09/01,1995/09/01
34-5,50000,生田原,いくたはら,34-5-5B,世,平,7,二編,H07/09/01,1995/09/01
38-8,50000,岩尾内湖,いわおないこ,38-8-10B,世,平,7,二編,H07/09/01,1995/09/01
57-5,50000,遠野,とおの,57-5-10B,世,平,5,修正,H07/09/01,1995/09/01
59-2,50000,脇野沢,わきのさわ,59-2-10B,世,平,6,修正,H07/09/01,1995/09/01
64-6,50000,保原,ほばら,64-6-17B,世,平,6,要修,H07/09/01,1995/09/01
99-7,50000,鋸崎,のこぎりざき,99-7-13B,世,平,5,修正,H07/09/01,1995/09/01
108-7,50000,赤碕,あかさき,108-7-14B,世,平,6,修正,H07/09/01,1995/09/01
33-14,50000,興部,おこっぺ,33-14-8B,世,平,7,要修,H07/09/01,1995/09/01
37-12,50000,音威子府,おといねっぷ,37-12-8B,世,平,7,二編,H07/09/01,1995/09/01
45-10,50000,雄冬,おふゆ,45-10-7B,世,平,6,修正,H07/09/01,1995/09/01
104-10,50000,佐用,さよ,104-10-12C,世,平,6,修正,H07/09/01,1995/09/01
109-10,50000,上石見,かみいわみ,109-10-13B,世,平,7,修正,H07/09/01,1995/09/01
103-4,50000,出石,いずし,103-4-13C,世,平,6,修正,H07/08/01,1995/08/01
128-8,50000,垂水,たるみず,128-8-10B,世,平,6,修正,H07/08/01,1995/08/01
29-13,50000,姉別,あねべつ,29-13-9B,世,平,7,要修,H07/08/01,1995/08/01
32-14,50000,阿寒,あかん,32-14-13B,世,平,6,修正,H07/08/01,1995/08/01
102-14,50000,印南,いなみ,102-14-13B,世,平,6,修正,H07/08/01,1995/08/01
122-11,50000,尾鈴山,おすずやま,122-11-9B,世,平,6,修正,H07/08/01,1995/08/01
90-16,50000,美濃加茂,みのかも,90-16-21B,世,平,6,修正,H07/07/01,1995/07/01
89-6,50000,槍ヶ岳,やりがたけ,89-6-16B,世,平,5,修正,H07/06/01,1995/06/01
91-12,50000,豊橋,とよはし,91-12-22B,世,平,7,修正,H07/06/01,1995/06/01
91-15,50000,岡崎,おかざき,91-15-21B,世,平,7,修正,H07/06/01,1995/06/01
83-9,50000,須坂,すざか,83-9-17CD,世,平,6,修正,H07/05/01,1995/05/01
91-16,50000,蒲郡,がまごおり,91-16-20B,世,平,6,修正,H07/05/01,1995/05/01
62-2,50000,焼石岳,やけいしだけ,62-2-11B,世,平,5,修正,H07/04/01,1995/04/01
83-3,50000,富岡,とみおか,83-3-14B,世,平,6,修正,H07/04/01,1995/04/01
89-7,50000,上高地,かみこうち,89-7-16B,世,平,5,修正,H07/04/01,1995/04/01
91-5,50000,根羽,ねば,91-5-12B,世,平,6,修正,H07/04/01,1995/04/01
104-6,50000,山崎,やまさき,104-6-13B,世,平,6,修正,H07/04/01,1995/04/01
114-3,50000,上布野,かみふの,114-3-12B,世,平,6,修正,H07/04/01,1995/04/01
32-15,50000,白糠,しらぬか,32-15-10B,世,平,5,修正,H07/04/01,1995/04/01
95-10,50000,冠山,かんむりやま,95-10-12C,世,平,7,要修,H07/04/01,1995/04/01
115-16,50000,岩国,いわくに,115-16-17D,世,平,6,修正,H07/04/01,1995/04/01
123-15,50000,末吉,すえよし,123-15-12B,世,平,6,修正,H07/04/01,1995/04/01
87-3,50000,珠洲岬,すずみさき,87-3-15B,世,平,5,修正,H07/03/01,1995/03/01
89-4,50000,塩尻,しおじり,89-4-15B,世,平,6,修正,H07/03/01,1995/03/01
115-7,50000,呉,くれ,115-7-14C,世,平,6,修正,H07/03/01,1995/03/01
118-4,50000,益田,ますだ,118-4-13B,世,平,6,修正,H07/03/01,1995/03/01
45-12,50000,厚田,あつた,45-12-7B,世,平,5,修正,H07/03/01,1995/03/01
89-12,50000,高山,たかやま,89-12-14C,世,平,6,修正,H07/03/01,1995/03/01
144-15,50000,聟島列島,むこじまれっとう,144-15-9B,世,平,5,修正,H07/03/01,1995/03/01
145-14,50000,父島列島,ちちじまれっとう,145-14-10B,世,平,6,修正,H07/03/01,1995/03/01
146-13,50000,母島列島,ははじまれっとう,146-13-7B,世,平,6,修正,H07/03/01,1995/03/01
128-3,50000,岩川,いわがわ,128-3-13B,世,平,6,修正,H07/02/01,1995/02/01
128-4,50000,鹿屋,かのや,128-4-15D,世,平,6,修正,H07/02/01,1995/02/01
161-12,50000,久高島,くだかじま,161-12-7B,世,平,6,修正,H07/02/01,1995/02/01
45-7,50000,吉野,よしの,45-7-7B,世,平,5,修正,H07/01/01,1995/01/01
45-8,50000,月形,つきがた,45-8-12B,世,平,5,修正,H07/01/01,1995/01/01
89-3,50000,松本,まつもと,89-3-17C,世,平,6,修正,H07/01/01,1995/01/01
91-1,50000,満島,みつしま,91-1-12C,世,平,6,修正,H07/01/01,1995/01/01
120-7,50000,鶴川,つるかわ,120-7-12C,世,平,5,修正,H07/01/01,1995/01/01
35-6,50000,本別,ほんべつ,35-6-9B,世,平,6,要修,H06/12/01,1994/12/01
62-6,50000,稲庭,いなにわ,62-6-9B,世,平,5,修正,H06/12/01,1994/12/01
64-3,50000,原町,はらまち,64-3-13B,世,平,6,修正,H06/12/01,1994/12/01
111-6,50000,本山,もとやま,111-6-14B,世,平,5,要修,H06/12/01,1994/12/01
59-11,50000,金木,かなぎ,59-11-11B,世,平,5,修正,H06/12/01,1994/12/01
89-10,50000,有峰湖,ありみねこ,89-10-16C,世,平,6,修正,H06/12/01,1994/12/01
32-3,50000,床潭,とこたん,32-3-8B,世,平,6,修正,H06/11/01,1994/11/01
41-9,50000,新和,しんわ,41-9-9B,世,平,6,修正,H06/11/01,1994/11/01
79-1,50000,御蔵島,みくらじま,79-1-11B,世,平,6,修正,H06/11/01,1994/11/01
100-1,50000,北小松,きたこまつ,100-1-16B,世,平,4,修正,H06/11/01,1994/11/01
120-8,50000,豊後杵築,ぶんごきつき,120-8-12B,世,平,5,修正,H06/11/01,1994/11/01
32-13,50000,徹別,てしべつ,32-13-11B,世,平,6,修正,H06/11/01,1994/11/01
45-11,50000,浜益,はまます,45-11-8B,世,平,5,修正,H06/11/01,1994/11/01
122-15,50000,村所,むらしょう,122-15-9B,世,平,5,修正,H06/11/01,1994/11/01
153-14,50000,口永良部島,くちのえらぶじま,153-14-6B,世,平,6,修正,H06/11/01,1994/11/01
31-1,50000,峰浜,みねはま,31-1-8B,世,平,5,二編,H06/10/01,1994/10/01
43-3,50000,雄信内,おのっぷない,43-3-8B,世,平,6,要修,H06/10/01,1994/10/01
44-8,50000,港町,みなとまち,44-8-12B,世,平,5,修正,H06/10/01,1994/10/01
120-6,50000,姫島,ひめしま,120-6-10B,世,平,5,修正,H06/10/01,1994/10/01
126-13,50000,武雄,たけお,126-13-19B,世,平,5,修正,H06/10/01,1994/10/01
45-5,50000,留萌,るもい,45-5-13B,世,平,5,修正,H06/09/01,1994/09/01
100-5,50000,四ッ谷,よつや,100-5-11B,世,平,5,修正,H06/09/01,1994/09/01
36-14,50000,上豊似,かみとよに,36-14-9B,世,平,5,修正,H06/09/01,1994/09/01
57-14,50000,水沢,みずさわ,57-14-12B,世,平,5,修正,H06/09/01,1994/09/01
116-10,50000,青島,あおしま,116-10-10BC,世,平,5,修正,H06/09/01,1994/09/01
126-14,50000,鹿島,かしま,126-14-18B,世,平,5,修正,H06/09/01,1994/09/01
158-10,50000,伊平屋島,いへやじま,158-10-5B,世,平,5,修正,H06/09/01,1994/09/01
158-11,50000,伊是名島,いぜなじま,158-11-6B,世,平,5,修正,H06/09/01,1994/09/01
163-14,50000,多良間島,たらましま,163-14-6B,世,平,5,修正,H06/09/01,1994/09/01
41-5,50000,イドンナップ岳,いどんなっぷだけ,41-5-8B,世,平,5,修正,H06/08/01,1994/08/01
66-5,50000,日立,ひたち,66-5-15B,世,平,5,修正,H06/08/01,1994/08/01
78-9,50000,利島,としま,78-9-8B,世,平,4,修正,H06/08/01,1994/08/01
103-7,50000,香住,かすみ,103-7-13C,世,平,5,修正,H06/08/01,1994/08/01
103-8,50000,村岡,むらおか,103-8-12B,世,平,5,修正,H06/08/01,1994/08/01
163-5,50000,伊良部島,いらぶじま,163-5-7B,世,平,6,修正,H06/08/01,1994/08/01
37-10,50000,浜頓別,はまとんべつ,37-10-9B,世,平,5,二編,H06/08/01,1994/08/01
65-14,50000,白河,しらかわ,65-14-16C,世,平,5,修正,H06/08/01,1994/08/01
78-10,50000,新島,にいじま,78-10-11B,世,平,5,修正,H06/08/01,1994/08/01
32-9,50000,鶴居,つるい,32-9-8B,世,平,5,修正,H06/07/01,1994/07/01
153-6,50000,屋久島東北部,やくしまとうほくぶ,153-6-9C,世,平,5,修正,H06/07/01,1994/07/01
153-7,50000,屋久島東南部,やくしまとうなんぶ,153-7-8B,世,平,5,修正,H06/07/01,1994/07/01
78-15,50000,神津島,こうづしま,78-15-8B,世,平,5,修正,H06/07/01,1994/07/01
102-1,50000,十津川,とつがわ,102-1-11BC,世,平,6,要修,H06/06/01,1994/06/01
37-11,50000,中頓別,なかとんべつ,37-11-7B,世,平,5,二編,H06/06/01,1994/06/01
37-15,50000,敏音知,ぴんねしり,37-15-8C,世,平,5,二編,H06/06/01,1994/06/01
116-13,50000,柳井,やない,116-13-12C,世,平,5,修正,H06/06/01,1994/06/01
44-7,50000,苫前,とままえ,44-7-11B,世,平,5,修正,H06/05/01,1994/05/01
56-7,50000,川井,かわい,56-7-12B,世,平,4,修正,H06/05/01,1994/05/01
117-4,50000,土佐清水,とさしみず,117-4-12C,世,平,5,修正,H06/05/01,1994/05/01
57-15,50000,一関,いちのせき,57-15-17B,世,平,5,修正,H06/05/01,1994/05/01
107-16,50000,浦郷,うらごう,107-16-15B,世,平,5,修正,H06/05/01,1994/05/01
47-5,50000,苫小牧,とまこまい,47-5-14C,世,平,5,修正,H06/04/01,1994/04/01
82-1,50000,小千谷,おぢや,82-1-14B,世,平,4,修正,H06/04/01,1994/04/01
99-2,50000,竹波,たけなみ,99-2-14B,世,平,5,修正,H06/04/01,1994/04/01
115-6,50000,海田市,かいたいち,115-6-15B,世,平,5,修正,H06/04/01,1994/04/01
125-10,50000,津屋崎,つやざき,125-10-15B,世,平,5,修正,H06/04/01,1994/04/01
64-3e,50000,大甕,おおみか,64-3e-11B,世,平,5,修正,H06/03/01,1994/03/01
125-3,50000,田川,たがわ,125-3-17B,世,平,5,修正,H06/03/01,1994/03/01
31-10,50000,藻琴山,もことやま,31-10-8B,世,平,5,二編,H06/03/01,1994/03/01
100-11,50000,広根,ひろね,100-11-17B,世,平,5,修正,H06/03/01,1994/03/01
109-16,50000,上下,じょうげ,109-16-11B,世,平,5,修正,H06/03/01,1994/03/01
116-9,50000,久賀,くか,116-9-11B,世,平,5,修正,H06/02/01,1994/02/01
131-4,50000,唐津,からつ,131-4-15B,世,平,4,修正,H06/02/01,1994/02/01
62-14,50000,鳥海山,ちょうかいさん,62-14-13B,世,平,4,修正,H06/02/01,1994/02/01
109-15,50000,庄原,しょうばら,109-15-12B,世,平,4,修正,H06/02/01,1994/02/01
153-10,50000,屋久島西北部,やくしませいほくぶ,153-10-7C,世,平,5,修正,H06/02/01,1994/02/01
44-3,50000,三溪,さんけい,44-3-9C,世,平,5,修正,H06/01/01,1994/01/01
44-4,50000,達布,たっぷ,44-4-8B,世,平,5,修正,H06/01/01,1994/01/01
45-1,50000,恵比島,えびしま,45-1-12B,世,平,5,修正,H06/01/01,1994/01/01
116-4,50000,梼原,ゆすはら,116-4-11B,世,平,4,修正,H06/01/01,1994/01/01
62-15,50000,大沢,おおさわ,62-15-10B,世,平,5,修正,H06/01/01,1994/01/01
74-12,50000,男体山,なんたいさん,74-12-13B,世,平,5,修正,H06/01/01,1994/01/01
89-15,50000,飛騨古川,ひだふるかわ,89-15-14B,世,平,5,修正,H06/01/01,1994/01/01
116-14,50000,室津,むろつ,116-14-9B,世,平,5,修正,H06/01/01,1994/01/01
71-8,50000,三瀬,さんぜ,71-8-13B,世,平,4,修正,H05/12/01,1993/12/01
75-5,50000,鹿沼,かぬま,75-5-10C,世,平,5,修正,H05/12/01,1993/12/01
82-4,50000,四万,しま,82-4-11B,世,平,4,修正,H05/12/01,1993/12/01
85-5,50000,富士宮,ふじのみや,85-5-16B,世,平,4,修正,H05/12/01,1993/12/01
85-7,50000,駒越,こまごえ,85-7-11B,世,平,3,修正,H05/12/01,1993/12/01
127-2,50000,頭地,とうじ,127-2-9C,世,平,5,修正,H05/12/01,1993/12/01
37-14,50000,上猿払,かみさるふつ,37-14-8B,世,平,4,二編,H05/12/01,1993/12/01
89-11,50000,船津,ふなつ,89-11-14C,世,平,4,修正,H05/12/01,1993/12/01
90-13,50000,萩原,はぎわら,90-13-15D,世,平,4,修正,H05/12/01,1993/12/01
158-12,50000,伊江島,いえしま,158-12-6B,世,平,4,修正,H05/12/01,1993/12/01
34-9,50000,丸瀬布南部,まるせっぷなんぶ,34-9-8B,世,平,5,修正,H05/11/01,1993/11/01
85-1,50000,御殿場,ごてんば,85-1-23BC,世,平,4,修正,H05/11/01,1993/11/01
102-4,50000,串本,くしもと,102-4-12B,世,平,4,修正,H05/11/01,1993/11/01
33-12,50000,丸瀬布北部,まるせっぷほくぶ,33-12-7B,世,平,5,修正,H05/11/01,1993/11/01
63-11,50000,山形,やまがた,63-11-18C,世,平,4,修正,H05/11/01,1993/11/01
104-12,50000,播州赤穂,ばんしゅうあこう,104-12-17C,世,平,4,修正,H05/11/01,1993/11/01
35-3,50000,音別,おんべつ,35-3-9B,世,平,4,二編,H05/10/01,1993/10/01
35-7,50000,常室,つねむろ,35-7-8B,世,平,4,二編,H05/10/01,1993/10/01
49-5n_9n,50000,積丹岬,しゃこたんみさき,49-5n_9n-14B,世,平,4,修正,H05/10/01,1993/10/01
52-1n,50000,原歌,はらうた,52-1n-6B,世,平,4,修正,H05/10/01,1993/10/01
59-3,50000,浅虫,あさむし,59-3-11B,世,平,4,修正,H05/10/01,1993/10/01
64-2,50000,相馬中村,そうまなかむら,64-2-15C,世,平,4,修正,H05/10/01,1993/10/01
105-9,50000,寒霞溪,かんかけい,105-9-12B,世,平,4,修正,H05/10/01,1993/10/01
109-3,50000,福渡,ふくわたり,109-3-13B,世,平,5,修正,H05/10/01,1993/10/01
122-8,50000,高鍋,たかなべ,122-8-11C,世,平,4,修正,H05/10/01,1993/10/01
155-9,50000,宝島,たからじま,155-9-8B,世,平,5,修正,H05/10/01,1993/10/01
34-12,50000,芽登温泉,めとうおんせん,34-12-6B,世,平,4,修正,H05/10/01,1993/10/01
40-13,50000,幾春別岳,いくしゅんべつだけ,40-13-7B,世,平,4,修正,H05/10/01,1993/10/01
46-13,50000,小樽東部,おたるとうぶ,46-13-13B,世,平,4,修正,H05/10/01,1993/10/01
48-12,50000,尻屋崎,しりやざき,48-12-9B,世,平,3,修正,H05/10/01,1993/10/01
104-15,50000,周匝,すさい,104-15-13C,世,平,4,修正,H05/10/01,1993/10/01
105-10,50000,草壁,くさかべ,105-10-11B,世,平,4,修正,H05/10/01,1993/10/01
111-16,50000,新田,しんでん,111-16-10B,世,平,3,修正,H05/10/01,1993/10/01
127-14,50000,本渡,ほんど,127-14-11C,世,平,4,修正,H05/10/01,1993/10/01
33-8,50000,遠軽,えんがる,33-8-9B,世,平,5,二編,H05/09/01,1993/09/01
89-2,50000,信濃池田,しなのいけだ,89-2-18B,世,平,5,要修,H05/09/01,1993/09/01
97-7,50000,贄浦,にえうら,97-7-11B,世,平,3,修正,H05/09/01,1993/09/01
36-15,50000,楽古岳,らっこだけ,36-15-7B,世,平,3,修正,H05/09/01,1993/09/01
49-11,50000,島古丹,しまこたん,49-11-10B,世,平,5,修正,H05/09/01,1993/09/01
64-14,50000,吾妻山,あづまやま,64-14-13B,世,平,4,修正,H05/09/01,1993/09/01
74-15,50000,藤原,ふじわら,74-15-12B,世,平,3,修正,H05/09/01,1993/09/01
114-11,50000,川本,かわもと,114-11-11B,世,平,5,要修,H05/09/01,1993/09/01
114-12,50000,大朝,おおあさ,114-12-12B,世,平,5,要修,H05/09/01,1993/09/01
121-16,50000,高森,たかもり,121-16-10C,世,平,4,修正,H05/09/01,1993/09/01
118-8,50000,飯浦,いいのうら,118-8-11B,世,平,3,修正,H05/08/01,1993/08/01
154-1,50000,中之島,なかのしま,154-1-2B,世,平,5,修正,H05/08/01,1993/08/01
34-13,50000,白滝,しらたき,34-13-8B,世,平,4,修正,H05/08/01,1993/08/01
31-6,50000,斜里岳,しゃりだけ,31-6-8B,世,平,5,二編,H05/07/01,1993/07/01
119-6,50000,徳佐中,とくさなか,119-6-12B,世,平,4,修正,H05/07/01,1993/07/01
74-11,50000,燧ヶ岳,ひうちがたけ,74-11-13C,世,平,3,修正,H05/07/01,1993/07/01
40-7,50000,千栄,ちさか,40-7-8B,世,平,3,修正,H05/06/01,1993/06/01
40-8,50000,幌尻岳,ぽろしりだけ,40-8-7B,世,平,3,修正,H05/06/01,1993/06/01
102-2,50000,新宮,しんぐう,102-2-14D,世,平,4,修正,H05/06/01,1993/06/01
40-11,50000,日高,ひだか,40-11-10C,世,平,3,修正,H05/06/01,1993/06/01
40-16,50000,穂別,ほべつ,40-16-10B,世,平,5,修正,H05/06/01,1993/06/01
166-11,50000,西表島東南部,いりおもてじまとうなんぶ,166-11-8B,世,平,5,修正,H05/06/01,1993/06/01
166-15,50000,西表島西部,いりおもてじませいぶ,166-15-8B,世,平,5,修正,H05/06/01,1993/06/01
30-4,50000,宇登呂,うとろ,30-4-7B,世,平,4,二編,H05/05/01,1993/05/01
39-4,50000,十勝川上流,とかちがわじょうりゅう,39-4-7B,世,平,4,修正,H05/05/01,1993/05/01
69-4,50000,羽後浜田,うごはまだ,69-4-10B,世,平,3,修正,H05/05/01,1993/05/01
74-4,50000,矢板,やいた,74-4-15B,世,平,4,修正,H05/05/01,1993/05/01
104-2,50000,生野,いくの,104-2-13B,世,平,5,修正,H05/05/01,1993/05/01
105-5,50000,坊勢島,ぼうぜじま,105-5-9B,世,平,3,修正,H05/05/01,1993/05/01
34-10,50000,大和,やまと,34-10-7B,世,平,5,修正,H05/05/01,1993/05/01
49-16,50000,寿都,すっつ,49-16-10B,世,平,4,修正,H05/05/01,1993/05/01
111-15,50000,上土居,かみどい,111-15-9C,世,平,3,修正,H05/05/01,1993/05/01
40-4,50000,札内岳,さつないだけ,40-4-9B,世,平,3,修正,H05/04/01,1993/04/01
94-8,50000,越前勝山,えちぜんかつやま,94-8-15B,世,平,4,修正,H05/04/01,1993/04/01
111-8,50000,土佐長浜,とさながはま,111-8-10C,世,平,3,修正,H05/04/01,1993/04/01
55-15,50000,浄法寺,じょうぼうじ,55-15-11B,世,平,4,修正,H05/04/01,1993/04/01
60-15,50000,能代,のしろ,60-15-15CD,世,平,4,修正,H05/04/01,1993/04/01
75-16,50000,寄居,よりい,75-16-15C,世,平,4,修正,H05/04/01,1993/04/01
74-2,50000,那須岳,なすだけ,74-2-11D,世,平,3,修正,H05/03/01,1993/03/01
40-14,50000,石狩鹿島,いしかりかしま,40-14-9C,世,平,4,修正,H05/03/01,1993/03/01
84-14,50000,市野瀬,いちのせ,84-14-12CD,世,平,3,修正,H05/03/01,1993/03/01
33-4,50000,サロマ湖,さろまこ,33-4-9B,世,平,4,二編,H05/02/01,1993/02/01
39-1,50000,上川,かみかわ,39-1-12C,世,平,3,修正,H05/02/01,1993/02/01
70-5,50000,戸賀,とが,70-5-11B,世,平,3,修正,H05/02/01,1993/02/01
90-4,50000,時又,ときまた,90-4-13C,世,平,4,修正,H05/02/01,1993/02/01
95-5,50000,荒島岳,あらしまだけ,95-5-13B,世,平,4,修正,H05/02/01,1993/02/01
97-1,50000,答志,とうし,97-1-11B,世,平,3,修正,H05/02/01,1993/02/01
104-8,50000,姫路,ひめじ,104-8-19C,世,平,3,修正,H05/02/01,1993/02/01
110-2,50000,玉野,たまの,110-2-14C,世,平,4,修正,H05/02/01,1993/02/01
127-1,50000,砥用,ともち,127-1-9B,世,平,4,修正,H05/02/01,1993/02/01
158-3,50000,奥,おく,158-3-7B,世,平,4,修正,H05/02/01,1993/02/01
34-16,50000,糠平,ぬかびら,34-16-9B,世,平,4,修正,H05/02/01,1993/02/01
58-15,50000,塩竈,しおがま,58-15-17B,世,平,4,修正,H05/02/01,1993/02/01
60-16,50000,森岳,もりたけ,60-16-14C,世,平,4,修正,H05/02/01,1993/02/01
65-16,50000,喜連川,きつれがわ,65-16-12C,世,平,4,修正,H05/02/01,1993/02/01
83-15,50000,和田,わだ,83-15-15B,世,平,3,修正,H05/02/01,1993/02/01
94-12,50000,永平寺,えいへいじ,94-12-18B,世,平,4,修正,H05/02/01,1993/02/01
108-11,50000,美保関,みほのせき,108-11-12B,世,平,3,修正,H05/02/01,1993/02/01
108-15,50000,境港,さかいみなと,108-15-13B,世,平,4,要修,H05/02/01,1993/02/01
31-2,50000,武佐岳,むさだけ,31-2-7B,世,平,4,二編,H05/01/01,1993/01/01
35-4,50000,厚内,あつない,35-4-6B,世,平,3,二編,H05/01/01,1993/01/01
38-9,50000,恩根内,おんねない,38-9-6B,世,平,3,二編,H05/01/01,1993/01/01
49-9,50000,余別,よべつ,49-9-9B,世,平,3,修正,H05/01/01,1993/01/01
63-7,50000,川崎,かわさき,63-7-14CD,世,平,3,修正,H05/01/01,1993/01/01
119-5,50000,須佐,すさ,119-5-12C,世,平,4,修正,H05/01/01,1993/01/01
126-5,50000,久留米,くるめ,126-5-14B,世,平,3,修正,H05/01/01,1993/01/01
37-16,50000,天塩中川,てしおなかがわ,37-16-8B,世,平,3,二編,H05/01/01,1993/01/01
44-10,50000,焼尻島,やぎしりとう,44-10-7B,世,平,3,修正,H05/01/01,1993/01/01
47-14,50000,登別温泉,のぼりべつおんせん,47-14-13B,世,平,4,修正,H05/01/01,1993/01/01
166-10,50000,西表島東北部,いりおもてじまとうほくぶ,166-10-6C,世,平,4,修正,H05/01/01,1993/01/01
37-8,50000,乙忠部,おっちゅうべ,37-8-6B,世,平,4,二編,H04/12/01,1992/12/01
38-4,50000,渚滑岳,しょこつだけ,38-4-8C,世,平,2,修正,H04/12/01,1992/12/01
94-6,50000,鶴来,つるぎ,94-6-18B,世,平,3,修正,H04/12/01,1992/12/01
62-16,50000,清川,きよかわ,62-16-11D,世,平,2,修正,H04/12/01,1992/12/01
162-11,50000,久米島,くめじま,162-11-8B,世,平,4,修正,H04/12/01,1992/12/01
28-13,50000,八木浜,やぎはま,28-13-7B,世,平,2,修正,H04/11/01,1992/11/01
49-2,50000,仁木,にき,49-2-10C,世,平,3,修正,H04/10/01,1992/10/01
49-5,50000,古平,ふるびら,49-5-9B,世,平,3,修正,H04/10/01,1992/10/01
49-8,50000,ニセコ,にせこ,49-8-10C,世,平,4,修正,H04/10/01,1992/10/01
39-6,50000,当麻,とうま,39-6-11C,世,平,4,修正,H04/07/01,1992/07/01
49-3,50000,倶知安,くっちゃん,49-3-12C,世,平,3,修正,H04/07/01,1992/07/01
62-3,50000,栗駒山,くりこまやま,62-3-11C,世,平,2,修正,H04/06/01,1992/06/01
64-4,50000,浪江,なみえ,64-4-9B,世,平,4,修正,H04/06/01,1992/06/01
34-4,50000,上足寄,かみあしょろ,34-4-8B,世,平,3,二編,H04/05/01,1992/05/01
49-4,50000,留寿都,るすつ,49-4-12B,世,平,3,修正,H04/05/01,1992/05/01
50-13,50000,大平山,おおびらやま,50-13-6C,世,平,3,修正,H04/05/01,1992/05/01
124-2,50000,阿川,あがわ,124-2-11B,世,平,2,修正,H04/04/01,1992/04/01
126-6,50000,山鹿,やまが,126-6-13E,世,平,3,修正,H04/04/01,1992/04/01
132-4,50000,長崎,ながさき,132-4-22B,世,平,3,要修,H04/04/01,1992/04/01
64-7,50000,川俣,かわまた,64-7-11B,世,平,3,修正,H04/03/01,1992/03/01
84-9,50000,八ヶ岳,やつがたけ,84-9-12C,世,平,3,修正,H04/03/01,1992/03/01
46-15,50000,定山渓,じょうざんけい,46-15-11B,世,平,3,修正,H04/03/01,1992/03/01
64-11,50000,二本松,にほんまつ,64-11-18C,世,平,3,要修,H04/03/01,1992/03/01
90-10,50000,加子母,かしも,90-10-15B,世,平,3,修正,H04/03/01,1992/03/01
112-14,50000,土佐佐賀,とささが,112-14-10B,世,平,3,修正,H04/03/01,1992/03/01
38-6,50000,サンル,さんる,38-6-7B,世,平,3,二編,H04/02/01,1992/02/01
126-2,50000,八方ヶ岳,やほうがたけ,126-2-13C,世,平,3,修正,H04/02/01,1992/02/01
46-16,50000,双葉,ふたば,46-16-9B,世,平,3,修正,H04/02/01,1992/02/01
54-12,50000,三沢,みさわ,54-12-12C,世,平,3,修正,H04/02/01,1992/02/01
60-11,50000,鷹巣,たかのす,60-11-8B,世,平,3,修正,H04/02/01,1992/02/01
95-13,50000,鯖江,さばえ,95-13-17D,世,平,3,要修,H04/02/01,1992/02/01
35-2,50000,上茶路,かみちゃろ,35-2-7B,世,平,3,修正,H04/01/01,1992/01/01
38-5,50000,仁宇布,にうぷ,38-5-6B,世,平,3,二編,H04/01/01,1992/01/01
39-5,50000,愛別,あいべつ,39-5-10C,世,平,3,修正,H04/01/01,1992/01/01
84-4,50000,山中湖,やまなかこ,84-4-17B,世,平,2,修正,H04/01/01,1992/01/01
122-12,50000,妻,つま,122-12-15C,世,平,3,修正,H04/01/01,1992/01/01
39-3,50000,旭岳,あさひだけ,39-3-8C,世,平,2,修正,H03/12/01,1991/12/01
113-3,50000,恵曇,えとも,113-3-10B,世,平,3,修正,H03/12/01,1991/12/01
117-2,50000,大用,おおゆう,117-2-10B,世,平,3,修正,H03/12/01,1991/12/01
33-16,50000,立牛,たつうし,33-16-7B,世,平,3,修正,H03/12/01,1991/12/01
34-15,50000,石狩岳,いしかりだけ,34-15-7B,世,平,2,修正,H03/12/01,1991/12/01
38-13,50000,共和,きょうわ,38-13-6C,世,平,3,二編,H03/12/01,1991/12/01
126-11,50000,荒尾,あらお,126-11-15B,世,平,3,修正,H03/12/01,1991/12/01
81-1,50000,内野,うちの,81-1-13B,世,平,2,修正,H03/11/01,1991/11/01
92-1,50000,掛塚,かけつか,92-1-15B,世,平,3,修正,H03/11/01,1991/11/01
126-15,50000,諫早,いさはや,126-15-14C,世,平,3,修正,H03/11/01,1991/11/01
166-ko,50000,与那国島,よなぐにじま,166-ko-5C,世,平,2,修正,H03/10/01,1991/10/01
60-3,50000,花輪,はなわ,60-3-13C,世,平,2,修正,H03/10/01,1991/10/01
63-6,50000,関山峠,せきやまとうげ,63-6-11B,世,平,2,修正,H03/09/01,1991/09/01
95-9,50000,大野,おおの,95-9-15C,世,平,1,修正,H03/09/01,1991/09/01
106-1,50000,伊島,いしま,106-1-9B,世,平,1,修正,H03/09/01,1991/09/01
34-14,50000,上支湧別,かみしゆうべつ,34-14-6B,世,平,1,修正,H03/09/01,1991/09/01
115-15,50000,大竹,おおたけ,115-15-16D,世,平,2,修正,H03/09/01,1991/09/01
31-5,50000,斜里,しゃり,31-5-10B,世,平,3,二編,H03/08/01,1991/08/01
157-1,50000,山,さん,157-1-3B,世,平,3,二編,H03/08/01,1991/08/01
31-15,50000,上里,かみさと,31-15-8B,世,平,2,修正,H03/08/01,1991/08/01
54-16,50000,七戸,しちのへ,54-16-10B,世,平,2,修正,H03/08/01,1991/08/01
94-11,50000,大聖寺,だいしょうじ,94-11-17C,世,平,2,修正,H03/07/01,1991/07/01
157-2,50000,亀津,かめつ,157-2-6B,世,平,3,二編,H03/06/01,1991/06/01
158-2,50000,与論島,よろんじま,158-2-6B,世,平,3,二編,H03/06/01,1991/06/01
28-4,50000,納沙布,のさっぷ,28-4-7B,世,平,3,修正,H03/05/01,1991/05/01
31-11,50000,屈斜路湖,くっしゃろこ,31-11-8B,世,平,2,修正,H03/05/01,1991/05/01
84-8,50000,富士山,ふじさん,84-8-15E,世,平,2,修正,H03/04/01,1991/04/01
94-15,50000,三国,みくに,94-15-14C,世,平,2,修正,H03/03/01,1991/03/01
64-1,50000,角田,かくだ,64-1-12B,世,平,2,修正,H03/02/01,1991/02/01
72-1,50000,湯殿山,ゆどのさん,72-1-11C,世,平,2,修正,H03/02/01,1991/02/01
73-4,50000,若松,わかまつ,73-4-11B,世,平,2,修正,H03/02/01,1991/02/01
99-1,50000,梅浦,うめうら,99-1-11B,世,平,2,修正,H03/02/01,1991/02/01
85-15,50000,家山,いえやま,85-15-11E,世,平,1,修正,H03/02/01,1991/02/01
131-12,50000,生月,いきつき,131-12-11B,世,平,1,修正,H03/01/01,1991/01/01
39-2,50000,大雪山,たいせつざん,39-2-8C,世,平,1,修正,H02/12/01,1990/12/01
61-1,50000,八幡平,はちまんたい,61-1-12C,世,平,1,修正,H02/12/01,1990/12/01
72-5,50000,温海,あつみ,72-5-12B,世,平,2,修正,H02/12/01,1990/12/01
74-7,50000,川治,かわじ,74-7-15C,世,平,1,修正,H02/12/01,1990/12/01
60-4,50000,田山,たやま,60-4-11C,世,平,2,修正,H02/11/01,1990/11/01
83-8,50000,十石峠,じっこくとうげ,83-8-9C,世,昭,63,修正,H02/09/01,1990/09/01
59-12,50000,五所川原,ごしょがわら,59-12-11E,世,平,1,修正,H02/07/01,1990/07/01
48-13,50000,尾札部,おさつべ,48-13-9B,世,平,1,修正,H02/06/01,1990/06/01
73-8,50000,宮下,みやした,73-8-12C,世,平,1,修正,H02/05/01,1990/05/01
131-3,50000,呼子,よぶこ,131-3-11B,世,平,1,修正,H02/05/01,1990/05/01
131-7,50000,二神島,ふたがみしま,131-7-11B,世,平,1,修正,H02/04/01,1990/04/01
81-10_14,50000,小木,おぎ,81-10_14-13B,世,昭,62,修正,H02/03/01,1990/03/01
90-6,50000,上松,あげまつ,90-6-10BC,世,昭,63,修正,H02/02/01,1990/02/01
96-9,50000,彦根東部,ひこねとうぶ,96-9-14C,世,平,1,修正,H02/01/01,1990/01/01
73-6,50000,大日岳,だいにちだけ,73-6-9B,世,昭,62,修正,H01/11/01,1989/11/01
90-2,50000,赤穂,あかほ,90-2-14C,世,平,1,修正,H01/11/01,1989/11/01
132-13,50000,小値賀島,おぢかじま,132-13-10B,世,平,1,修正,H01/11/01,1989/11/01
73-5,50000,飯豊山,いいでさん,73-5-11B,世,昭,62,修正,H01/09/01,1989/09/01
39-8,50000,十勝岳,とかちだけ,39-8-9B,世,昭,63,修正,H01/05/01,1989/05/01
75-9,50000,足尾,あしお,75-9-11D,世,昭,63,修正,H01/03/30,1989/03/30
60-6,50000,碇ヶ関,いかりがせき,60-6-10D,世,昭,63,修正,S63/11/30,1988/11/30
89-8,50000,乗鞍岳,のりくらだけ,89-8-12D,世,昭,62,修正,S63/10/30,1988/10/30
60-10,50000,田代岳,たしろだけ,60-10-11B,世,昭,63,修正,S63/10/30,1988/10/30
121-11,50000,竹田,たけた,121-11-14D,世,昭,61,修正,S63/05/30,1988/05/30
148-12,50000,火山列島,かざんれっとう,148-12-8C,世,昭,62,要修,S62/07/30,1987/07/30
40-10,50000,石狩金山,いしかりかなやま,40-10-9B,世,昭,59,修正,S61/03/30,1986/03/30
90-9,50000,御嶽山,おんたけさん,90-9-13F,世,昭,60,修正,S60/12/28,1985/12/28
94-3,50000,白川村,しらかわむら,94-3-10D,世,昭,59,修正,S60/11/30,1985/11/30
31-12,50000,弟子屈,てしかが,31-12-8B,世,昭,59,修正,S60/03/30,1985/03/30
31-16,50000,阿寒湖,あかんこ,31-16-9B,世,昭,59,修正,S59/10/30,1984/10/30
40-6,50000,落合,おちあい,40-6-8B,世,昭,58,修正,S59/03/30,1984/03/30
40-9,50000,山部,やまべ,40-9-12D,世,昭,58,修正,S58/11/30,1983/11/30
141-12,50000,八丈所属諸島,はちじょうしょぞくしょとう,141-12-12B,世,昭,56,編集,S57/09/30,1982/09/30
40-5,50000,西達布,にしたっぷ,40-5-7B,世,昭,51,編集,S53/03/30,1978/03/30
40-1,50000,佐幌岳,さほろだけ,40-1-7B,世,昭,51,編集,S53/02/28,1978/02/28
33-15,50000,滝上,たきのうえ,33-15-6C,世,昭,50,編集,S52/11/30,1977/11/30
